,PARCEL,Owned by Trust?,Owned by Business?,MAIL DIFFERENT FROM SITE?,MAIL OUTSIDE CA?,TITLECO1,ASSDTOTAL,ASSDLAND,ASSDSTCT,ASSDOTHR,EXEMPTCD,EXMPTAMT,PCNTIMPD,TAXAMT,DOCDATE_YEAR,MULTIPARCEL,PRICE,LENDER1,LOANAMOUT1,LOANTYPE1,YEARBLT,EFFYRBLT,LOTSQFT,TOTALSF,GRGTYPE,BLDGMAT,TOTUNITS,QUALCLAS,BLDGCOND,NOSTORY,ROOFMAT,FOUNDATN,BEDROOMS,BATHROOMS,FAMILYRM,DININGRM,POOL,PATIO,FIREPLCE,AIRMTHOD,HEATMTHD,VIEW,Did it sell?,GRANT DEED,INTERSPOUSAL,JOINT TENANT,Other,PARTNERSHIP,QUIT CLAIM,RE-RECORD,TAX DEED,TRUST TRANSFER,TRUSTEES,WARRANTY,Prediction,Actual
0,5576001050,0,0,0,0,1,233350,125784,107566,0,1,1,46,2872,2004,0,0,1,240000,1,1965,1968,18020,928,0,1,40,1,1,1.0,1,0,1,2,0,0,0,1,1,1,1,0,1,1,0,0,0,0,0,0,0,0,0,0,,
1,5579039019,0,0,1,0,0,131234,52489,78745,0,0,0,60,1783,1985,0,75000,0,0,0,1980,1980,7171,1050,0,1,4,1,1,2.0,1,0,2,2,0,0,0,1,1,1,1,1,0,0,0,0,1,0,0,0,0,0,0,0,,
2,5579039020,0,0,1,0,0,131234,52489,78745,0,0,0,60,1786,1985,0,75000,0,0,0,1980,1980,7171,1095,0,1,4,1,1,2.0,1,0,2,2,0,0,0,1,1,1,1,1,0,0,0,0,1,0,0,0,0,0,0,0,,
3,5586011046,0,0,1,0,1,576707,461578,115129,0,0,0,20,7081,2013,0,0,0,0,0,1990,1990,69261,1238,0,1,47,1,1,3.0,1,0,2,2,0,0,0,1,1,1,1,0,0,1,0,0,0,0,0,0,0,0,0,0,,
4,5577010059,0,0,1,0,1,355257,242680,112577,0,1,1,32,4367,2003,0,290000,1,101000,1,1975,1975,598534,898,1,1,174,1,1,1.0,1,0,2,2,0,0,1,0,1,1,1,1,0,1,0,0,0,0,0,0,0,0,0,0,0.0,0.0
5,5577010018,0,0,1,0,1,442170,309570,132600,0,0,0,30,5494,2016,0,433500,1,200000,1,1975,1975,598534,1008,1,1,174,1,1,1.0,1,0,2,2,0,0,1,0,1,1,1,1,0,1,0,0,0,0,0,0,0,0,0,0,,
6,5577010104,1,0,0,0,1,139491,41817,97674,0,1,1,70,1799,1992,0,0,0,0,0,1975,1975,598534,1000,0,1,174,1,1,1.0,1,0,2,2,0,0,1,0,1,1,1,1,1,0,0,0,0,0,1,0,0,0,0,0,,
7,5577010031,0,0,1,0,1,168831,37947,130884,0,0,0,78,2243,1998,0,125000,1,93750,0,1975,1975,598534,1181,0,1,174,1,1,1.0,1,0,2,2,0,0,1,0,1,1,1,0,0,1,0,0,0,0,0,0,0,0,0,0,,
8,5582012017,0,0,0,0,1,1038669,808869,229800,0,1,1,22,12786,2015,0,0,1,930000,1,1957,1968,7729,2653,1,0,1,0,0,1.0,1,1,2,4,1,0,0,0,1,1,1,0,0,1,0,0,0,0,0,0,0,0,0,0,,
9,5577007150,0,0,0,0,1,197282,102077,95205,0,1,1,48,2451,2001,0,155000,1,108500,1,1981,1982,108134,812,0,1,79,1,1,1.0,1,0,1,1,0,0,0,0,1,1,1,0,0,1,0,0,0,0,0,0,0,0,0,0,,
10,5586014105,0,0,0,0,1,683384,202971,480413,0,1,1,70,8262,2004,0,569000,1,450000,1,1990,1990,26353,1340,0,1,18,1,1,0.0,1,0,2,3,0,0,0,0,1,1,1,0,0,1,0,0,0,0,0,0,0,0,0,0,,
11,5576001036,0,0,0,0,1,531000,385000,146000,0,0,0,27,6526,2006,0,485000,1,285000,1,1965,1968,18020,1258,0,1,40,1,1,4.0,1,0,2,2,0,0,0,0,1,1,1,1,0,1,0,0,0,0,0,0,0,0,0,0,,
12,5577007117,0,0,0,0,1,383153,243354,139799,0,0,0,36,4770,2016,0,0,1,218000,1,1981,1982,108134,1129,0,1,79,1,1,3.0,1,0,2,2,0,0,0,0,1,1,1,0,0,1,0,0,0,0,0,0,0,0,0,0,,
13,5586009024,0,0,0,0,1,460000,320000,140000,0,1,1,30,5601,2016,0,460100,1,437000,1,1982,1982,7900,1004,1,1,6,1,1,2.0,1,0,2,2,0,0,0,0,1,1,1,0,0,1,0,0,0,0,0,0,0,0,0,0,0.0,0.0
14,5586014120,0,0,0,0,1,580932,410878,170054,0,0,0,29,7040,2017,0,0,1,411000,1,1990,1990,26353,1340,0,1,18,1,1,0.0,1,0,2,3,0,0,0,0,1,1,1,0,0,0,1,0,0,0,0,0,0,0,0,0,1.0,0.0
15,5576001063,0,0,0,0,0,269501,163785,105716,0,1,1,39,3304,2003,0,0,0,0,0,1965,1968,18020,938,0,1,40,1,1,1.0,1,0,1,2,0,0,0,0,1,1,1,1,0,0,0,0,0,0,0,0,0,0,0,0,,
16,5586014075,1,0,1,1,1,482761,287099,195662,0,0,0,41,5933,2012,0,0,0,0,0,1982,1982,10709,1056,0,1,1,1,1,2.0,1,0,2,3,0,0,0,0,1,1,1,0,0,1,0,0,0,0,0,0,0,0,0,0,,
17,5576001057,1,0,0,0,1,304209,145358,158851,0,1,1,52,3766,2013,0,0,0,0,0,1965,1968,18020,1768,0,1,40,1,1,1.0,1,0,2,2,0,0,0,0,1,1,1,0,0,0,0,0,0,0,1,0,0,0,0,0,,
18,5586014053,0,0,0,0,1,503795,362443,141352,0,0,0,28,6189,2015,0,486500,0,0,0,1965,1965,15908,1414,0,0,24,1,1,1.0,0,0,3,3,0,0,0,0,1,1,1,0,0,1,0,0,0,0,0,0,0,0,0,0,,
19,5586009021,1,0,0,0,1,223792,102492,121300,0,0,0,54,2870,2016,0,0,0,0,0,1982,1990,7900,1064,0,1,6,1,1,0.0,1,0,2,2,0,0,0,0,1,1,1,0,1,1,0,0,0,0,0,0,0,0,0,0,,
20,5579039017,0,0,0,0,0,174985,52489,122496,0,1,1,70,2220,1985,0,100000,0,0,0,1980,1980,7171,1030,0,1,4,1,1,1.0,1,0,2,1,0,0,0,0,1,1,1,1,0,0,0,0,1,0,0,0,0,0,0,0,,
21,5586008026,0,0,0,0,1,284714,76273,208441,0,0,0,73,3615,1999,0,215000,1,172000,0,1981,1981,9017,1616,0,1,6,1,0,2.0,1,0,3,3,0,0,0,0,1,1,1,0,0,1,0,0,0,0,0,0,0,0,0,0,,
22,5577010174,0,0,0,0,1,310350,149605,160745,0,0,0,52,3923,2012,0,292500,1,232000,1,1975,1975,598534,1033,0,1,174,1,1,3.0,1,0,2,2,0,0,1,1,0,1,1,1,1,1,0,0,0,0,0,0,0,0,0,0,,
23,5577010171,0,0,1,0,0,474300,331500,142800,0,0,0,30,5860,2016,0,0,0,0,0,1975,1975,598534,1002,0,1,174,1,1,1.0,1,0,2,2,0,0,1,1,0,1,1,0,0,0,0,0,1,0,0,0,0,0,0,0,,
24,5577010085,0,0,0,0,0,392700,270300,122400,0,1,1,31,4802,0,0,0,0,0,0,1975,1975,598534,685,0,1,174,1,1,1.0,1,0,1,1,0,0,1,1,0,1,1,1,0,0,0,0,0,0,0,0,0,0,0,0,,
25,5586014052,0,0,0,0,1,99039,19803,79236,0,1,1,80,1237,1997,0,72000,1,0,0,1965,1965,15908,738,0,1,24,1,1,1.0,1,0,1,1,0,0,0,1,0,1,1,0,0,1,0,0,0,0,0,0,0,0,0,0,,
26,5577010030,0,0,0,0,1,532000,398000,134000,0,0,0,25,6575,2004,0,445000,1,356000,1,1975,1975,598534,1181,0,1,174,1,1,3.0,1,0,2,2,0,0,1,1,0,1,1,0,0,1,0,0,0,0,0,0,0,0,0,0,1.0,0.0
27,5577010161,0,0,1,0,1,275971,119662,156309,0,0,0,57,3511,2010,0,250000,1,200000,1,1975,1975,598534,1002,0,1,174,1,1,3.0,1,0,2,2,0,0,1,1,0,1,1,0,0,0,0,0,1,0,0,0,0,0,0,0,0.0,0.0
28,5577010007,0,0,0,0,1,203650,117226,86424,0,1,1,42,2546,2002,0,160000,1,128000,1,1975,1975,598534,685,1,1,174,1,1,1.0,1,0,1,1,0,0,1,1,0,1,1,0,0,1,0,0,0,0,0,0,0,0,0,0,,
29,5577010143,0,0,0,0,1,323202,199662,123540,0,0,0,38,4074,2002,0,259000,1,207200,1,1975,1975,598534,1002,0,1,174,1,1,3.0,1,0,2,2,0,0,1,1,0,1,1,0,0,1,0,0,0,0,0,0,0,0,0,0,,
30,5577010117,0,0,0,0,1,483688,346319,137369,0,0,0,28,6007,2006,0,419000,1,335200,1,1975,1975,598534,1325,0,1,174,1,1,1.0,1,0,2,2,0,0,1,1,0,1,1,1,0,1,0,0,0,0,0,0,0,0,0,0,,
31,5577010126,0,0,0,0,1,532000,362000,170000,0,0,0,32,6556,2008,0,482500,1,220000,1,1975,1975,598534,1124,0,1,174,1,1,1.0,1,0,2,2,0,0,1,1,0,1,1,1,0,1,0,0,0,0,0,0,0,0,0,0,,
32,5577010089,0,0,0,0,1,454922,258529,196393,0,0,0,43,5670,2009,0,410000,1,369000,1,1975,1975,598534,1425,0,1,174,1,1,1.0,1,0,3,2,0,0,1,1,0,1,1,1,1,1,0,0,0,0,0,0,0,0,0,0,0.0,1.0
33,5577010041,0,0,0,0,1,197595,87206,110389,0,0,0,56,2557,2011,0,179000,1,161100,1,1975,1975,598534,673,0,1,174,1,1,3.0,1,0,1,1,0,0,1,1,0,1,1,0,1,1,0,0,0,0,0,0,0,0,0,0,,
34,5577010166,0,0,0,0,1,524000,367000,157000,0,0,0,30,6470,2016,0,524500,1,150000,1,1975,1975,598534,1002,0,1,174,1,1,3.0,1,0,2,2,0,0,1,1,0,1,1,1,0,1,0,0,0,0,0,0,0,0,0,0,,
35,5577010162,1,0,0,0,0,171207,56618,114589,0,1,1,67,2177,2006,0,0,0,0,0,1975,1975,598534,1002,0,1,174,1,1,3.0,1,0,2,2,0,0,1,1,0,1,1,0,0,0,0,0,0,0,0,0,0,0,0,0,0.0,0.0
36,5577010111,0,0,0,0,1,292529,142511,150018,0,1,1,51,3625,2011,0,265000,0,0,0,1975,1975,598534,1002,0,1,174,1,1,1.0,1,0,2,2,0,0,1,1,0,1,1,1,0,1,0,0,0,0,0,0,0,0,0,0,,
37,5577010082,0,0,0,0,0,331166,179713,151453,0,1,1,46,4085,0,0,0,0,0,0,1975,1975,598534,997,0,1,174,1,1,1.0,1,0,2,2,0,0,1,1,0,1,1,1,0,0,0,0,0,0,0,0,0,0,0,0,,
38,5586014033,0,0,1,0,1,194167,63322,130845,0,1,1,67,2393,1993,0,130000,1,100000,1,1965,1965,15908,1104,1,1,24,1,1,1.0,1,0,2,2,0,0,0,1,0,1,1,0,0,1,0,0,0,0,0,0,0,0,0,0,,
39,5585021027,0,0,0,0,1,533401,360812,172589,0,1,1,32,6508,2015,0,0,0,0,0,1984,1988,10440,1413,0,1,12,0,0,3.0,1,0,2,3,0,0,0,1,0,1,1,1,0,1,0,0,0,0,0,0,0,0,0,0,,
40,5586008024,0,0,0,0,1,454546,184416,270130,0,1,1,59,5564,2015,0,0,1,128800,1,1981,1981,9017,1734,0,1,6,0,0,2.0,1,0,3,3,0,0,0,1,0,1,1,0,0,1,0,0,0,0,0,0,0,0,0,0,,
41,5586011038,0,0,0,0,0,504475,285138,219337,0,1,1,43,6144,2011,0,0,0,0,0,1990,1990,69261,1367,0,1,47,0,0,4.0,1,0,2,2,0,0,0,1,0,1,1,1,0,0,0,0,0,0,1,0,0,0,0,0,1.0,0.0
42,5577010076,0,0,0,0,1,214632,129903,84729,0,1,1,39,2677,2002,0,166000,1,132800,1,1975,1975,598534,685,0,1,174,1,1,3.0,1,0,1,1,0,0,1,0,0,1,1,1,0,1,0,0,0,0,0,0,0,0,0,0,0.0,0.0
43,5577010078,0,0,0,0,1,470000,352000,118000,0,1,1,25,5739,2005,0,435000,1,348000,1,1975,1975,598534,951,0,1,174,1,1,3.0,1,0,2,2,0,0,1,0,0,1,1,1,0,1,0,0,0,0,0,0,0,0,0,0,0.0,0.0
44,5577010098,0,0,0,0,1,470000,338000,132000,0,1,1,28,5739,2007,0,0,1,270000,1,1975,1975,598534,951,0,1,174,1,1,3.0,1,0,2,2,0,0,1,0,0,1,1,1,0,1,0,0,0,0,0,0,0,0,0,0,1.0,0.0
45,5577010006,0,0,0,0,1,565000,395000,170000,0,0,0,30,6983,2017,0,575000,1,373750,1,1975,1975,598534,1421,0,1,174,1,1,1.0,1,0,3,2,0,0,1,0,0,1,1,1,0,1,0,0,0,0,0,0,0,0,0,0,,
46,5577010013,0,0,0,0,1,318211,163942,154269,0,1,1,48,3955,2001,0,250000,1,200000,1,1975,1975,598534,1421,0,0,174,0,0,0.0,0,0,3,2,0,0,1,0,0,1,1,0,0,1,0,0,0,0,0,0,0,0,0,0,0.0,0.0
47,5577010052,0,0,0,0,1,272641,119310,153331,0,0,0,56,3495,2001,0,210000,1,203700,1,1975,1975,598534,1421,0,0,174,0,0,0.0,0,0,3,2,0,0,1,0,0,1,1,0,0,1,0,0,0,0,0,0,0,0,0,0,,
48,5577010081,0,0,0,0,1,261918,91343,170575,0,1,1,65,3284,2001,0,0,1,185600,1,1975,1975,598534,1421,0,0,174,0,0,0.0,0,0,3,2,0,0,1,0,0,1,1,0,0,1,0,0,0,0,0,0,0,0,0,0,,
49,5577010107,0,0,1,0,1,252020,132501,119519,0,0,0,47,3224,2001,0,198000,1,158400,1,1975,1975,598534,980,0,1,174,1,1,1.0,1,0,2,2,0,0,1,0,0,1,1,1,1,1,0,0,0,0,0,0,0,0,0,0,0.0,1.0
50,5577010044,0,0,0,0,1,160051,42674,117377,0,1,1,73,2041,2002,0,0,1,150000,1,1975,1975,598534,951,0,0,174,0,0,0.0,0,0,2,2,0,0,1,0,0,1,1,0,0,0,0,0,0,0,1,0,0,0,0,0,0.0,0.0
51,5577010067,0,0,0,0,1,190921,102207,88714,0,0,0,46,2478,2002,0,150000,1,120000,1,1975,1975,598534,685,0,1,174,1,1,4.0,1,0,1,1,0,0,1,0,0,1,1,1,0,1,0,0,0,0,0,0,0,0,0,0,,
52,5577010145,0,0,1,0,1,272036,174703,97333,0,0,0,36,3464,2002,0,218000,1,125000,1,1975,1975,598534,1002,0,1,174,1,0,3.0,1,0,2,2,0,0,1,0,0,1,1,1,1,1,0,0,0,0,0,0,0,0,0,0,,
53,5577010110,0,0,1,1,1,339427,224623,114804,0,1,1,34,4184,2003,0,272000,1,244800,1,1975,1975,598534,1002,0,0,174,0,0,0.0,0,0,2,2,0,0,1,0,0,1,1,0,0,1,0,0,0,0,0,0,0,0,0,0,,
54,5577010172,0,0,0,0,1,349408,219256,130152,0,0,0,37,4387,2003,0,280000,1,224000,1,1975,1975,598534,1002,0,0,174,0,0,0.0,0,0,2,2,0,0,1,0,0,1,1,0,0,1,0,0,0,0,0,0,0,0,0,0,,
55,5577010004,0,0,0,0,1,384100,314700,69400,0,1,1,18,4699,2004,0,390000,1,351000,1,1975,1975,598534,685,0,0,174,0,0,0.0,0,0,1,1,0,0,1,0,0,1,1,0,0,1,0,0,0,0,0,0,0,0,0,0,0.0,0.0
56,5577010025,0,0,0,0,1,416000,319000,97000,0,0,0,23,5175,2004,0,385000,1,308000,1,1975,1975,598534,898,0,0,174,0,0,0.0,0,0,2,1,0,0,1,0,0,1,1,0,0,1,0,0,0,0,0,0,0,0,0,0,,
57,5577010034,0,0,0,0,1,256271,102508,153763,0,1,1,60,3217,2004,0,0,1,94200,1,1975,1975,598534,1443,0,0,174,0,0,0.0,0,0,3,2,0,0,1,0,0,1,1,0,0,0,0,0,1,0,0,0,0,0,0,0,,
58,5577010086,0,0,0,0,1,384100,298600,85500,0,1,1,22,4699,2004,0,339000,1,271200,1,1975,1975,598534,685,0,0,174,0,0,0.0,0,0,1,1,0,0,1,0,0,1,1,0,1,1,0,0,0,0,0,0,0,0,0,0,,
59,5577010105,0,0,0,0,1,436114,306263,129851,0,0,0,30,5421,2004,0,356000,1,284800,1,1975,1975,598534,1002,0,0,174,0,0,0.0,0,0,2,2,0,0,1,0,0,1,1,0,0,1,0,0,0,0,0,0,0,0,0,0,,
60,5577010170,0,0,0,0,1,169748,56417,113331,0,1,1,67,2160,2004,0,0,1,188000,1,1975,1975,598534,1002,0,1,174,1,1,4.0,1,0,2,2,0,0,1,0,0,1,1,1,0,1,0,0,0,0,0,0,0,0,0,0,,
61,5577010113,0,0,0,0,1,474000,310000,164000,0,1,1,35,5790,2005,0,458500,1,358350,1,1975,1975,598534,1002,0,0,174,0,0,0.0,0,0,2,2,0,0,1,0,0,1,1,0,0,1,0,0,0,0,0,0,0,0,0,0,0.0,0.0
62,5577010026,0,0,0,0,1,470000,338000,132000,0,0,0,28,5823,2006,0,418000,1,334400,1,1975,1975,598534,951,0,0,174,0,0,0.0,0,0,2,2,0,0,1,0,0,1,1,0,1,1,0,0,0,0,0,0,0,0,0,0,,
63,5577010043,0,0,0,0,1,83101,28094,55007,0,1,1,66,1123,2006,0,0,1,50000,1,1975,1975,598534,951,0,0,174,0,0,0.0,0,0,2,2,0,0,1,0,0,1,1,0,0,0,0,0,1,0,0,0,0,0,0,0,,
64,5577010128,0,0,0,0,1,484266,336390,147876,0,1,1,31,5914,2006,0,419500,1,314625,1,1975,1975,598534,1033,0,1,174,1,1,1.0,1,0,2,2,0,0,1,0,0,1,1,0,0,1,0,0,0,0,0,0,0,0,0,0,,
65,5577010002,0,0,0,0,1,576040,389378,186662,0,1,1,32,7031,2007,0,499000,1,399000,1,1975,1975,598534,1423,0,0,174,0,0,0.0,0,0,3,2,0,0,1,0,0,1,1,0,0,1,0,0,0,0,0,0,0,0,0,0,,
66,5577010119,0,0,1,0,1,475000,340000,135000,0,0,0,28,5885,2007,0,0,1,268000,1,1975,1975,598534,1002,0,0,174,0,0,0.0,0,0,2,2,0,0,1,0,0,1,1,0,0,0,0,0,0,0,1,0,0,0,0,0,,
67,5577010093,0,0,1,0,1,99340,46777,52563,0,0,0,53,1395,2008,0,370000,1,240500,1,1975,1975,598534,853,0,0,174,0,0,0.0,0,0,2,2,0,0,1,0,0,1,1,0,0,1,0,0,0,0,0,0,0,0,0,0,,
68,5577010056,0,0,1,0,1,278045,147698,130347,0,0,0,47,3517,2009,0,250000,1,200000,1,1975,1975,598534,686,0,1,174,1,1,1.0,1,0,1,1,0,0,1,0,0,1,1,1,0,1,0,0,0,0,0,0,0,0,0,0,0.0,0.0
69,5577010066,0,0,1,0,1,342852,171648,171204,0,1,1,50,4215,2009,0,309000,1,247200,1,1975,1975,598534,1106,0,0,174,0,0,0.0,0,0,2,2,0,0,1,0,0,1,1,0,1,1,0,0,0,0,0,0,0,0,0,0,,
70,5577010051,0,0,1,0,1,380842,193733,187109,0,1,1,49,4702,2010,0,345000,1,255000,1,1975,1975,598534,1421,0,1,174,1,1,4.0,1,0,3,2,0,0,1,0,0,1,1,0,0,1,0,0,0,0,0,0,0,0,0,0,,
71,5577010071,0,0,0,0,1,288057,174392,113665,0,0,0,39,3637,2010,0,259000,1,207200,1,1975,1975,598534,685,0,1,174,1,1,1.0,1,0,1,1,0,0,1,0,0,1,1,1,0,1,0,0,0,0,0,0,0,0,0,0,0.0,0.0
72,5577010075,0,0,0,0,1,265816,155264,110552,0,1,1,42,3288,2010,0,239000,1,191200,1,1975,1975,598534,685,0,0,174,0,0,0.0,0,0,1,1,0,0,1,0,0,1,1,0,0,1,0,0,0,0,0,0,0,0,0,0,,
73,5577010010,0,0,0,0,1,443724,262555,181169,0,0,0,41,5536,2011,0,410000,1,328000,1,1975,1975,598534,1421,1,1,174,1,1,4.0,1,0,3,2,0,0,1,0,0,1,1,1,1,1,0,0,0,0,0,0,0,0,0,0,0.0,1.0
74,5577010028,0,0,0,0,1,275972,121427,154545,0,1,1,56,3413,2011,0,250000,1,200000,1,1975,1975,598534,1032,0,0,174,0,0,0.0,0,0,2,2,0,0,1,0,0,1,1,0,0,1,0,0,0,0,0,0,0,0,0,0,0.0,0.0
75,5577010005,0,0,0,0,1,411513,216657,194856,0,0,0,47,5068,2012,0,0,1,287100,1,1975,1975,598534,1423,0,0,174,0,0,0.0,0,0,3,2,0,0,1,0,0,1,1,0,0,1,0,0,0,0,0,0,0,0,0,0,,
76,5577010012,0,0,0,0,1,427488,223593,203895,0,1,1,48,5259,2012,0,395000,1,355500,1,1975,1975,598534,1423,0,0,174,0,0,0.0,0,0,3,2,0,0,1,0,0,1,1,0,0,1,0,0,0,0,0,0,0,0,0,0,,
77,5577010061,0,0,0,0,1,291781,141753,150028,0,0,0,51,3680,2012,0,275000,1,220000,1,1975,1975,598534,951,1,1,174,1,1,1.0,1,0,2,2,0,0,1,0,0,1,1,1,0,1,0,0,0,0,0,0,0,0,0,0,,
78,5577010109,0,0,0,0,1,275972,121752,154220,0,1,1,56,3427,2012,0,255000,1,204000,1,1975,1975,598534,1002,1,1,174,1,1,1.0,1,0,2,2,0,0,1,0,0,1,1,1,0,1,0,0,0,0,0,0,0,0,0,0,0.0,0.0
79,5577010120,0,0,0,0,1,309523,162337,147186,0,1,1,48,3827,2012,0,286000,1,271700,1,1975,1975,598534,1002,0,1,174,1,1,4.0,1,0,2,2,0,0,1,0,0,1,1,0,0,1,0,0,0,0,0,0,0,0,0,0,,
80,5577010131,0,0,0,0,0,270561,117667,152894,0,1,1,57,3363,2012,0,255000,1,229500,1,1975,1975,598534,1002,0,1,174,1,1,1.0,1,0,2,2,0,0,1,0,0,1,1,1,0,1,0,0,0,0,0,0,0,0,0,0,0.0,0.0
81,5577010003,0,0,1,0,1,403192,217193,185999,0,0,0,46,5052,2013,0,380000,1,285000,1,1975,1975,598534,1421,0,1,174,1,1,3.0,1,0,3,2,0,0,1,0,0,1,1,1,0,1,0,0,0,0,0,0,0,0,0,0,,
82,5577010038,0,0,0,0,1,342221,204805,137416,0,0,0,40,4295,2013,0,324000,1,259200,1,1975,1975,598534,892,0,1,174,1,1,1.0,1,0,2,2,0,0,1,0,0,1,1,0,0,1,0,0,0,0,0,0,0,0,0,0,,
83,5577010116,0,0,0,0,1,406653,257934,148719,0,1,1,37,4986,2013,0,385000,1,308000,1,1975,1975,598534,1002,0,0,174,0,0,0.0,0,0,2,2,0,0,1,0,0,1,1,0,0,1,0,0,0,0,0,0,0,0,0,0,,
84,5577010135,0,0,1,0,1,423539,268207,155332,0,0,0,37,5188,2014,0,409000,1,306750,1,1975,1975,598534,1002,0,0,174,0,0,0.0,0,0,2,2,0,0,1,0,0,1,1,0,0,1,0,0,0,0,0,0,0,0,0,0,0.0,0.0
85,5577010011,0,0,0,0,1,484500,278460,206040,0,1,1,43,5915,2015,0,475000,1,427500,1,1975,1975,598534,1008,0,0,174,0,0,0.0,0,0,2,2,0,0,1,0,0,1,1,0,0,1,0,0,0,0,0,0,0,0,0,0,0.0,0.0
86,5577010045,0,0,0,0,1,426648,310666,115982,0,0,0,27,5310,2015,0,412000,1,200000,1,1975,1975,598534,1032,0,0,174,0,0,0.0,0,0,2,2,0,0,1,0,0,1,1,0,0,1,0,0,0,0,0,0,0,0,0,0,,
87,5577010060,0,0,0,0,1,429754,310666,119088,0,1,1,28,5259,2015,0,415000,1,180000,1,1975,1975,598534,951,0,0,174,0,0,0.0,0,0,2,2,0,0,1,0,0,1,1,0,0,1,0,0,0,0,0,0,0,0,0,0,,
88,5577010072,0,0,0,0,1,389368,285813,103555,0,0,0,27,4857,2015,0,376000,1,256000,1,1975,1975,598534,892,0,1,174,1,1,1.0,1,0,2,2,0,0,1,0,0,1,1,0,0,1,0,0,0,0,0,0,0,0,0,0,0.0,0.0
89,5577010096,0,0,0,0,1,346909,269244,77665,0,1,1,22,4255,2015,0,335000,1,268000,1,1975,1975,598534,685,0,1,174,1,1,1.0,1,0,1,1,0,0,1,0,0,1,1,1,0,1,0,0,0,0,0,0,0,0,0,0,0.0,0.0
90,5577010138,0,0,0,0,1,417327,261995,155332,0,0,0,37,5197,2015,0,0,1,328000,1,1975,1975,598534,1002,0,0,174,0,0,0.0,0,0,2,2,0,0,1,0,0,1,1,0,1,1,0,0,0,0,0,0,0,0,0,0,,
91,5577010142,0,0,0,0,1,398687,279599,119088,0,0,0,30,4958,2015,0,385000,1,365700,1,1975,1975,598534,1002,0,0,174,0,0,0.0,0,0,2,2,0,0,1,0,0,1,1,0,0,1,0,0,0,0,0,0,0,0,0,0,0.0,0.0
92,5576001051,0,0,0,0,1,494700,251940,242760,0,1,1,49,6005,2015,0,485000,1,363750,1,1965,1968,18020,1190,0,1,40,1,1,0.0,1,0,2,2,0,0,1,0,0,1,1,0,1,1,0,0,0,0,0,0,0,0,0,0,,
93,5577010022,0,0,0,0,1,372300,260100,112200,0,0,0,30,4625,2016,0,365000,1,273750,1,1975,1975,598534,686,0,0,174,0,0,0.0,0,0,1,1,0,0,1,0,0,1,1,0,0,1,0,0,0,0,0,0,0,0,0,0,,
94,5577010062,0,0,0,0,1,484500,341700,142800,0,0,0,29,6000,2016,0,475000,1,380000,1,1975,1975,598534,1032,0,1,174,1,1,1.0,1,0,2,2,0,0,1,0,0,1,1,0,0,1,0,0,0,0,0,0,0,0,0,0,,
95,5577010063,0,0,0,0,1,440000,220000,220000,0,1,1,50,5395,2016,0,440000,1,310000,1,1975,1975,598534,905,0,0,174,0,0,0.0,0,0,1,1,0,0,1,0,0,1,1,0,0,1,0,0,0,0,0,0,0,0,0,0,0.0,0.0
96,5577010083,0,0,1,0,1,402900,280500,122400,0,0,0,30,5016,2016,0,395000,1,233000,1,1975,1975,598534,853,0,0,174,0,0,0.0,0,0,2,2,0,0,1,0,0,1,1,0,0,1,0,0,0,0,0,0,0,0,0,0,,
97,5577010122,0,0,0,0,1,508980,357000,151980,0,0,0,30,6290,2016,0,499000,1,399200,1,1975,1975,598534,1002,0,0,174,0,0,0.0,0,0,2,2,0,0,1,0,0,1,1,0,1,1,0,0,0,0,0,0,0,0,0,0,,
98,5577010127,0,0,0,0,1,468000,328000,140000,0,0,0,30,5718,2016,0,468000,1,351000,1,1975,1975,598534,1000,0,0,174,0,0,0.0,0,0,2,2,0,0,1,0,0,1,1,0,0,1,0,0,0,0,0,0,0,0,0,0,,
99,5577010130,0,0,0,0,1,478000,300000,178000,0,1,1,37,5837,2016,0,478000,1,382400,1,1975,1975,598534,1002,0,0,174,0,0,0.0,0,0,2,2,0,0,1,0,0,1,1,0,0,1,0,0,0,0,0,0,0,0,0,0,0.0,0.0
100,5577010144,0,0,0,0,1,434520,301920,132600,0,0,0,31,5402,2016,0,426000,1,340560,1,1975,1975,598534,1002,0,0,174,0,0,0.0,0,0,2,2,0,0,1,0,0,1,1,0,0,1,0,0,0,0,0,0,0,0,0,0,,
101,5577010168,0,0,0,0,1,458000,229000,229000,0,0,0,50,5682,2016,0,458000,1,366400,1,1975,1975,598534,1002,0,0,174,0,0,0.0,0,0,2,2,0,0,1,0,0,1,1,0,1,1,0,0,0,0,0,0,0,0,0,0,,
102,5577010021,0,0,0,0,1,259656,168779,90877,0,1,1,35,3233,2017,0,0,1,128200,1,1975,1975,598534,1008,0,1,174,1,1,1.0,1,0,2,2,0,0,1,0,0,1,1,0,0,1,0,0,0,0,0,0,0,0,0,0,0.0,0.0
103,5577010023,0,0,0,0,1,392000,300000,92000,0,0,0,23,4794,2017,0,355000,1,344350,1,1975,1975,598534,691,0,0,174,0,0,0.0,0,0,1,1,0,0,1,0,0,1,1,0,0,1,0,0,0,0,0,0,0,0,0,0,,
104,5577010033,0,0,0,0,1,216359,98355,118004,0,0,0,55,2698,2017,0,410000,1,389500,1,1975,1975,598534,696,1,1,174,1,1,1.0,1,0,1,1,0,0,1,0,0,1,1,1,0,1,0,0,0,0,0,0,0,0,0,0,0.0,0.0
105,5577010047,0,0,0,0,1,382594,212985,169609,0,0,0,44,4793,2017,0,522000,1,300000,1,1975,1975,598534,1181,0,0,174,0,0,0.0,0,0,2,2,0,0,1,0,0,1,1,0,0,1,0,0,0,0,0,0,0,0,0,0,,
106,5577010097,0,0,0,0,1,285907,138648,147259,0,0,0,52,3610,2017,0,529000,1,476100,1,1975,1975,598534,951,0,0,174,0,0,0.0,0,0,2,2,0,0,1,0,0,1,1,0,0,1,0,0,0,0,0,0,0,0,0,0,,
107,5577010146,0,0,1,0,1,414220,258888,155332,0,0,0,37,5160,2017,0,520000,1,416000,1,1975,1975,598534,1002,0,0,174,0,0,0.0,0,0,2,2,0,0,1,0,0,1,1,0,1,1,0,0,0,0,0,0,0,0,0,0,0.0,1.0
108,5577010169,0,0,0,0,1,366530,187273,179257,0,0,0,49,4591,2017,0,525000,1,305000,1,1975,1975,598534,1002,0,0,174,0,0,0.0,0,0,2,2,0,0,1,0,0,1,1,0,0,1,0,0,0,0,0,0,0,0,0,0,,
109,5577010079,0,0,0,0,1,243766,105428,138338,0,1,1,57,3051,1992,0,160000,1,120000,1,1975,1975,598534,1425,0,1,174,1,1,1.0,1,0,3,2,0,0,1,0,0,1,1,1,0,1,0,0,0,0,0,0,0,0,0,0,,
110,5577010137,0,0,1,0,1,226290,61682,164608,0,0,0,73,2918,1992,0,151500,1,136350,1,1975,1975,598534,1002,0,0,174,0,0,0.0,0,0,2,2,0,0,1,0,0,1,1,0,1,1,0,0,0,0,0,0,0,0,0,0,,
111,5577010147,0,0,0,0,1,175841,88833,87008,0,1,1,49,2233,1993,0,0,1,42000,1,1975,1975,598534,1002,0,1,174,1,1,4.0,1,0,2,2,0,0,1,0,0,1,1,0,0,0,0,0,0,0,1,0,0,0,0,0,0.0,0.0
112,5577010155,0,0,0,0,1,236911,84553,152358,0,0,0,64,3043,1994,0,0,1,128000,1,1975,1975,598534,980,0,0,174,0,0,0.0,0,0,2,2,0,0,1,0,0,1,1,0,0,1,0,0,0,0,0,0,0,0,0,0,,
113,5577010053,0,0,0,0,1,91303,18313,72990,0,1,1,80,1206,1995,0,64000,1,51000,1,1975,1975,598534,685,1,1,174,1,1,4.0,1,0,1,1,0,0,1,0,0,1,1,0,0,1,0,0,0,0,0,0,0,0,0,0,,
114,5577010154,0,0,1,0,1,168198,56677,111521,0,0,0,66,2225,1998,0,0,1,87750,1,1975,1975,598534,1002,0,1,174,1,1,1.0,1,0,2,2,0,0,1,0,0,1,1,1,0,1,0,0,0,0,0,0,0,0,0,0,,
115,5577010057,0,0,0,0,1,343962,222134,121828,0,1,1,35,4220,2008,0,310000,1,300700,1,1975,1975,598534,691,0,0,174,0,0,0.0,0,0,1,1,0,0,1,0,0,1,1,0,0,1,0,0,0,0,0,0,0,0,0,0,0.0,0.0
116,5577010173,0,0,0,0,1,129031,25854,103177,0,0,0,80,1758,1998,0,94000,0,90845,1,1975,1975,598534,1002,0,1,174,1,1,1.0,1,0,2,2,0,0,1,0,0,1,1,1,0,1,0,0,0,0,0,0,0,0,0,0,,
117,5577010125,0,0,0,0,1,475000,334000,141000,0,0,0,30,5869,2006,0,420000,1,300000,1,1975,1975,598534,1002,0,0,174,0,0,0.0,0,0,2,2,0,0,1,0,0,1,1,0,0,1,0,0,0,0,0,0,0,0,0,0,,
118,5577010027,0,0,1,0,1,178244,72667,105577,0,1,1,59,2258,2015,0,0,1,85500,1,1975,1975,598534,951,0,0,174,0,0,0.0,0,0,2,2,0,0,1,0,0,1,1,0,0,0,0,0,0,0,1,0,0,0,0,0,,
119,5577010148,0,0,1,0,1,388847,194901,193946,0,0,0,50,4857,2016,0,0,1,300000,1,1975,1975,598534,1002,0,0,174,0,0,0.0,0,0,2,2,0,0,1,0,0,1,1,0,0,1,0,0,0,0,0,0,0,0,0,0,1.0,0.0
120,5577010112,0,0,1,1,1,474000,348000,126000,0,0,0,27,5873,2010,1,0,0,0,0,1975,1975,598534,1002,0,0,174,0,0,0.0,0,0,2,2,0,0,1,0,0,1,1,0,1,0,0,0,1,0,0,0,0,0,0,0,,
121,5577010149,0,0,0,0,0,192007,63823,128184,0,0,0,67,2493,2000,0,140000,0,0,0,1975,1975,598534,1002,0,0,174,0,0,0.0,0,0,2,2,0,0,1,0,0,1,1,0,0,0,0,0,0,0,0,0,0,0,0,0,0.0,0.0
122,5577010046,0,0,0,0,0,193416,83230,110186,0,1,1,57,2437,2002,0,155000,0,0,0,1975,1975,598534,905,0,0,174,0,0,0.0,0,0,1,1,0,0,1,0,0,1,1,0,0,0,0,0,0,0,0,0,0,0,0,0,,
123,5577010165,0,0,0,0,0,199930,44525,155405,0,1,1,78,2538,2002,0,0,0,0,0,1975,1975,598534,1325,0,0,174,0,0,0.0,0,0,2,2,0,0,1,0,0,1,1,0,0,0,0,0,0,0,0,0,0,0,0,0,,
124,5577010050,1,0,1,0,0,106021,21875,84146,0,0,0,79,1465,2003,0,0,0,0,0,1975,1975,598534,685,0,1,174,1,1,4.0,1,0,1,1,0,0,1,0,0,1,1,0,0,0,0,0,0,0,1,0,0,0,0,0,0.0,0.0
125,5577010139,0,0,1,0,0,230772,115386,115386,0,0,0,50,2971,2003,0,0,0,0,0,1975,1975,598534,1002,0,1,174,1,1,1.0,1,0,2,2,0,0,1,0,0,1,1,1,0,0,0,0,0,0,0,0,0,0,0,0,,
126,5577010141,0,0,0,0,0,228528,76170,152358,0,1,1,67,2880,2003,0,0,0,0,0,1975,1975,598534,1325,1,1,174,1,1,3.0,1,0,2,2,0,0,1,0,0,1,1,1,0,0,0,0,0,0,1,0,0,0,0,0,,
127,5577010019,0,0,0,0,0,514517,343013,171504,0,0,0,33,6381,2004,0,0,0,0,0,1975,1975,598534,1421,0,0,174,0,0,0.0,0,0,3,2,0,0,1,0,0,1,1,0,0,0,0,0,0,0,0,0,0,0,0,0,,
128,5577010087,0,0,0,0,0,343168,230861,112307,0,1,1,33,4226,2004,0,0,0,0,0,1975,1975,598534,951,1,1,174,1,1,1.0,1,0,2,2,0,0,1,0,0,1,1,1,0,1,0,0,0,0,0,0,0,0,0,0,1.0,0.0
129,5577010035,1,0,1,0,1,161945,49157,112788,0,1,1,70,2092,2006,0,0,0,0,0,1975,1975,598534,1443,0,0,174,0,0,0.0,0,0,3,2,0,0,1,0,0,1,1,0,0,1,0,0,0,0,0,0,0,0,0,0,,
130,5577010088,1,0,0,0,1,267293,146377,120916,0,0,0,45,3404,2006,0,0,0,0,0,1975,1975,598534,951,0,1,174,1,1,1.0,1,0,2,2,0,0,1,0,0,1,1,1,0,0,0,0,0,0,1,0,0,0,0,0,,
131,5577010108,0,0,0,0,1,232389,103210,129179,0,1,1,56,2907,2006,0,0,0,0,0,1975,1975,598534,1002,0,0,174,0,0,0.0,0,0,2,2,0,0,1,0,0,1,1,0,0,0,1,0,0,0,0,0,0,0,0,0,,
132,5577010080,1,0,1,0,1,119398,39795,79603,0,0,0,67,1667,2007,0,0,0,0,0,1975,1975,598534,1421,0,1,174,1,1,1.0,1,0,3,2,0,0,1,0,0,1,1,1,1,1,0,0,0,0,0,0,0,0,0,0,,
133,5577010103,1,0,0,0,0,485000,337000,148000,0,1,1,31,5923,2007,0,0,0,0,0,1975,1975,598534,1033,0,1,174,1,1,1.0,1,0,2,2,0,0,1,0,0,1,1,1,0,1,0,0,0,0,0,0,0,0,0,0,,
134,5577010040,1,0,1,0,1,264550,173332,91218,0,1,1,34,3273,2008,0,0,0,0,0,1975,1975,598534,691,0,0,174,0,0,0.0,0,0,1,1,0,0,1,0,0,1,1,0,0,0,0,0,0,0,0,0,0,1,0,0,,
135,5577010049,1,0,1,0,0,162977,48885,114092,0,1,1,70,2085,2008,0,0,0,0,0,1975,1975,598534,1106,0,1,174,1,1,1.0,1,0,2,2,0,0,1,0,0,1,1,1,0,1,0,0,0,0,0,0,0,0,0,0,0.0,0.0
136,5577010070,0,0,1,0,1,277386,161218,116168,0,0,0,42,3509,2008,0,250000,0,0,0,1975,1975,598534,685,0,0,174,0,0,0.0,0,0,1,1,0,0,1,0,0,1,1,0,0,1,0,0,0,0,0,0,0,0,0,0,0.0,0.0
137,5577010091,0,0,1,0,1,228081,112616,115465,0,0,0,51,2947,2008,0,0,0,0,0,1975,1975,598534,1421,0,1,174,1,1,1.0,1,0,3,2,0,0,1,0,0,1,1,1,0,0,0,0,0,0,1,0,0,0,0,0,,
138,5577010118,1,0,1,0,0,351907,224623,127284,0,0,0,36,4417,2008,0,0,0,0,0,1975,1975,598534,1002,0,0,174,0,0,0.0,0,0,2,2,0,0,1,0,0,1,1,0,1,0,0,0,0,0,1,0,0,0,0,0,,
139,5577010095,0,0,0,0,1,265829,178610,87219,0,1,1,33,3288,2009,0,0,0,0,0,1975,1975,598534,685,0,0,174,0,0,0.0,0,0,1,1,0,0,1,0,0,1,1,0,0,1,0,0,0,0,0,0,0,0,0,0,,
140,5577010024,0,0,1,0,1,90565,30775,59790,0,1,1,66,1196,2010,0,0,0,0,0,1975,1975,598534,673,0,1,174,1,1,3.0,1,0,1,1,0,0,1,0,0,1,1,1,0,1,0,0,0,0,0,0,0,0,0,0,,
141,5577010121,0,0,1,0,0,341102,204221,136881,0,0,0,40,4288,2010,0,0,0,0,0,1975,1975,598534,1002,0,0,174,0,0,0.0,0,0,2,2,0,0,1,0,0,1,1,0,0,0,0,0,1,0,0,0,0,0,0,0,1.0,0.0
142,5577010132,0,0,1,0,0,81070,24442,56628,0,0,0,70,1184,2010,0,0,0,0,0,1975,1975,598534,980,0,0,174,0,0,0.0,0,0,2,2,0,0,1,0,0,1,1,0,0,0,0,0,0,0,0,0,0,1,0,0,,
143,5577010094,1,0,0,0,0,145233,34987,110246,0,1,1,76,1833,2011,0,0,0,0,0,1975,1975,598534,685,0,0,174,0,0,0.0,0,0,1,1,0,0,1,0,0,1,1,0,0,0,0,0,0,0,0,0,0,1,0,0,0.0,0.0
144,5577010100,0,0,0,0,1,452597,262507,190090,0,0,0,42,5642,2011,0,410000,0,0,0,1975,1975,598534,1421,0,1,174,1,1,3.0,1,0,3,2,0,0,1,0,0,1,1,1,0,1,0,0,0,0,0,0,0,0,0,0,1.0,0.0
145,5577010136,0,0,1,0,1,265150,118073,147077,0,1,1,55,3298,2011,0,245000,0,0,0,1975,1975,598534,1002,0,1,174,1,1,1.0,1,0,2,2,0,0,1,0,0,1,1,0,0,1,0,0,0,0,0,0,0,0,0,0,,
146,5577010101,0,0,0,0,1,328919,169765,159154,0,0,0,48,4166,2012,0,0,0,0,0,1975,1975,598534,1421,0,0,174,0,0,0.0,0,0,3,2,0,0,1,0,0,1,1,0,0,0,0,0,0,0,1,0,0,0,0,0,,
147,5577010150,1,0,1,0,1,234428,75334,159094,0,0,0,68,3006,2012,0,0,0,0,0,1975,1975,598534,1124,0,0,174,0,0,0.0,0,0,2,2,0,0,1,0,0,1,1,0,0,0,0,0,0,0,0,0,0,1,0,0,0.0,0.0
148,5577010020,1,0,1,0,1,362340,168703,193637,0,0,0,53,4565,2013,0,0,0,0,0,1975,1975,598534,1421,0,0,174,0,0,0.0,0,0,3,2,0,0,1,0,0,1,1,0,0,0,0,0,0,0,1,0,0,0,0,0,,
149,5577010042,0,0,0,0,0,107333,21460,85873,0,0,0,80,1493,2013,0,0,0,0,0,1975,1975,598534,898,0,1,174,1,1,1.0,1,0,2,1,0,0,1,0,0,1,1,0,0,0,0,0,0,0,0,0,0,1,0,0,,
150,5577010073,1,0,0,0,0,91420,41280,50140,0,0,0,55,1300,2013,0,0,0,0,0,1975,1975,598534,853,0,1,174,1,1,4.0,1,0,2,2,0,0,1,0,0,1,1,0,0,0,0,0,0,0,0,0,0,1,0,0,,
151,5577010077,1,0,1,0,1,323613,179526,144087,0,0,0,45,4076,2013,0,0,0,0,0,1975,1975,598534,951,0,1,174,1,1,1.0,1,0,2,2,0,0,1,0,0,1,1,1,0,0,0,0,0,0,1,0,0,0,0,0,,
152,5577010015,0,0,1,0,1,295132,207111,88021,0,0,0,30,3720,2014,0,285000,0,0,0,1975,1975,598534,674,0,0,174,0,0,0.0,0,0,1,1,0,0,1,0,0,1,1,0,1,1,0,0,0,0,0,0,0,0,0,0,0.0,1.0
153,5577010106,1,0,1,0,1,74729,19829,54900,0,0,0,73,1110,2014,0,0,0,0,0,1975,1975,598534,1002,0,0,174,0,0,0.0,0,0,2,2,0,0,1,0,0,1,1,0,0,0,0,0,0,0,0,0,0,1,0,0,0.0,0.0
154,5577010115,0,0,1,0,0,79482,23767,55715,0,0,0,70,1166,2014,0,0,0,0,0,1975,1975,598534,1002,0,0,174,0,0,0.0,0,0,2,2,0,0,1,0,0,1,1,0,0,1,0,0,0,0,0,0,0,0,0,0,,
155,5577010123,0,0,0,0,0,177830,44773,133057,0,0,0,75,2323,2014,0,0,0,0,0,1975,1975,598534,1002,0,0,174,0,0,0.0,0,0,2,2,0,0,1,0,0,1,1,0,1,0,0,0,0,0,1,0,0,0,0,0,0.0,1.0
156,5577010152,0,0,0,0,0,468415,344439,123976,0,0,0,26,5808,2014,0,0,0,0,0,1975,1975,598534,1033,0,0,174,0,0,0.0,0,0,2,2,0,0,1,0,0,1,1,0,0,1,0,0,0,0,0,0,0,0,0,0,1.0,0.0
157,5577010037,0,0,1,0,1,328269,220572,107697,0,0,0,33,4117,2015,0,183000,0,0,0,1975,1975,598534,696,0,0,174,0,0,0.0,0,0,1,1,0,0,1,0,0,1,1,0,0,1,0,0,0,0,0,0,0,0,0,0,0.0,0.0
158,5577010054,0,0,1,0,1,70914,31344,39570,0,1,1,56,963,2015,0,0,0,0,0,1975,1975,598534,685,0,0,174,0,0,0.0,0,0,1,1,0,0,1,0,0,1,1,0,0,0,0,0,0,0,0,0,0,1,0,0,,
159,5577010055,1,0,1,0,1,318582,209271,109311,0,1,1,34,3929,2015,0,0,0,0,0,1975,1975,598534,892,0,0,174,0,0,0.0,0,0,2,2,0,0,1,0,0,1,1,0,0,0,0,0,0,0,0,0,0,1,0,0,,
160,5577010069,0,0,1,0,1,579910,414222,165688,0,0,0,29,7161,2015,0,560000,0,0,0,1975,1975,598534,1421,0,0,174,0,0,0.0,0,0,3,2,0,0,1,0,0,1,1,0,0,1,0,0,0,0,0,0,0,0,0,0,,
161,5577010090,0,0,0,0,1,569160,279480,289680,0,0,0,51,7033,2015,0,557500,0,0,0,1975,1975,598534,1421,0,1,174,1,1,3.0,1,0,3,2,0,0,1,0,0,1,1,1,1,1,0,0,0,0,0,0,0,0,0,0,,
162,5577010114,0,0,0,0,1,380246,229943,150303,0,1,1,40,4671,2015,0,0,0,0,0,1975,1975,598534,1002,0,1,174,1,1,0.0,1,0,2,2,0,0,1,0,0,1,1,0,0,1,0,0,0,0,0,0,0,0,0,0,1.0,0.0
163,5577010036,0,0,1,0,0,316200,204000,112200,0,0,0,35,3973,2016,0,0,0,0,0,1975,1975,598534,696,0,0,174,0,0,0.0,0,0,1,1,0,0,1,0,0,1,1,0,0,0,0,0,0,0,1,0,0,0,0,0,,
164,5577010039,0,0,1,0,1,355980,249900,106080,0,0,0,30,4447,2016,0,349000,0,0,0,1975,1975,598534,686,0,0,174,0,0,0.0,0,0,1,1,0,0,1,0,0,1,1,0,0,1,0,0,0,0,0,0,0,0,0,0,,
165,5577010048,1,0,0,0,0,302391,139736,162655,0,1,1,54,3753,2016,0,0,0,0,0,1975,1975,598534,1181,0,1,174,1,1,4.0,1,0,2,2,0,0,1,0,0,1,1,0,1,0,0,0,0,0,0,0,0,1,0,0,1.0,1.0
166,5577010058,0,0,1,0,0,330000,220000,110000,0,1,1,33,4053,2016,0,0,0,0,0,1975,1975,598534,673,0,0,174,0,0,0.0,0,0,1,1,0,0,1,0,0,1,1,0,1,0,0,0,1,0,0,0,0,0,0,0,1.0,1.0
167,5577010064,1,0,1,0,0,484500,273360,211140,0,0,0,44,6009,2016,0,0,0,0,0,1975,1975,598534,1181,0,0,174,0,0,0.0,0,0,2,2,0,0,1,0,0,1,1,0,0,0,0,0,0,0,0,0,0,1,0,0,,
168,5577010065,1,0,1,0,0,239531,102173,137358,0,1,1,57,3003,2016,0,0,0,0,0,1975,1975,598534,1181,0,0,174,0,0,0.0,0,0,2,2,0,0,1,0,0,1,1,0,0,0,0,0,0,0,1,0,0,0,0,0,0.0,0.0
169,5577010099,0,0,0,0,1,568000,398000,170000,0,0,0,30,7003,2016,0,568000,0,0,0,1975,1975,598534,1425,0,0,174,0,0,0.0,0,0,3,2,0,0,1,0,0,1,1,0,0,1,0,0,0,0,0,0,0,0,0,0,,
170,5577010124,1,0,0,0,1,438600,234600,204000,0,0,0,47,5451,2016,0,0,0,0,0,1975,1975,598534,1002,0,0,174,0,0,0.0,0,0,2,2,0,0,1,0,0,1,1,0,0,0,0,0,0,0,0,0,0,1,0,0,,
171,5577010129,1,0,1,1,1,470000,330000,140000,0,1,1,30,5742,2016,0,0,0,0,0,1975,1975,598534,1002,0,1,174,1,1,3.0,1,0,2,2,0,0,1,0,0,1,1,0,0,0,1,0,0,0,0,0,0,0,0,0,1.0,0.0
172,5577010134,0,1,1,0,0,109441,21882,87559,0,0,0,80,1524,2016,0,0,0,0,0,1975,1975,598534,1002,0,0,174,0,0,0.0,0,0,2,2,0,0,1,0,0,1,1,0,0,0,0,0,0,0,1,0,0,0,0,0,,
173,5577010151,1,0,0,0,0,233095,78627,154468,0,1,1,66,2915,2016,0,0,0,0,0,1975,1975,598534,1000,0,0,174,0,0,0.0,0,0,2,2,0,0,1,0,0,1,1,0,0,0,0,0,0,0,1,0,0,0,0,0,,
174,5577010156,0,0,1,0,0,438600,285600,153000,0,0,0,35,5451,2016,0,0,0,0,0,1975,1975,598534,1002,0,0,174,0,0,0.0,0,0,2,2,0,0,1,0,0,1,1,0,0,0,0,0,0,0,1,0,0,0,0,0,1.0,0.0
175,5577010164,0,0,1,0,0,207722,78673,129049,0,0,0,62,2696,2016,0,0,0,0,0,1975,1975,598534,1002,0,0,174,0,0,0.0,0,0,2,2,0,0,1,0,0,1,1,0,0,0,1,0,0,0,0,0,0,0,0,0,,
176,5577010167,0,0,0,0,1,460000,230000,230000,0,0,0,50,6166,2016,0,460000,0,0,0,1975,1975,598534,1002,0,1,174,1,1,1.0,1,0,2,2,0,0,1,0,0,1,1,1,0,1,0,0,0,0,0,0,0,0,0,0,1.0,0.0
177,5577010029,0,0,1,0,1,402000,302000,100000,0,0,0,25,5009,2017,0,0,0,0,0,1975,1975,598534,905,0,0,174,0,0,0.0,0,0,1,1,0,0,1,0,0,1,1,0,1,1,0,0,0,0,0,0,0,0,0,0,,
178,5577010158,0,0,1,0,1,145868,29167,116701,0,0,0,80,1958,2017,0,0,0,0,0,1975,1975,598534,1002,0,0,174,0,0,0.0,0,0,2,2,0,0,1,0,0,1,1,0,0,1,0,0,0,0,0,0,0,0,0,0,0.0,0.0
179,5577010157,0,0,1,0,1,221805,99314,122491,0,0,0,55,2864,2017,0,0,0,0,0,1975,1975,598534,1002,1,1,174,1,1,1.0,1,0,2,2,0,0,1,0,0,1,1,0,0,0,0,0,0,0,1,0,0,0,0,0,0.0,0.0
180,5577010068,0,0,0,0,0,121779,41188,80591,0,1,1,66,1612,1976,0,60000,0,0,0,1975,1975,598534,1421,0,0,174,0,0,0.0,0,0,3,2,0,0,1,0,0,1,1,0,1,0,0,0,0,0,0,0,0,0,0,0,,
181,5577010140,0,0,0,0,0,81074,24243,56831,0,1,1,70,1102,1976,0,40000,0,0,0,1975,1975,598534,1002,0,0,174,0,0,0.0,0,0,2,2,0,0,1,0,0,1,1,0,0,0,0,0,0,0,0,0,0,0,0,0,0.0,0.0
182,5577010016,0,0,1,0,0,119203,39795,79408,0,0,0,67,1648,1977,0,0,0,0,0,1975,1975,598534,1421,0,0,174,0,0,0.0,0,0,3,2,0,0,1,0,0,1,1,0,0,0,0,0,0,0,0,0,0,0,0,0,0.0,0.0
183,5577010074,0,0,1,0,0,75083,33479,41604,0,1,1,55,1012,1977,0,37000,0,0,0,1975,1975,598534,685,0,0,174,0,0,0.0,0,0,1,1,0,0,1,0,0,1,1,0,0,0,0,0,0,0,0,0,0,0,0,0,0.0,0.0
184,5577010092,0,0,1,0,0,91419,34711,56708,0,1,1,62,1209,1977,0,46000,0,0,0,1975,1975,598534,997,0,0,174,0,0,0.0,0,0,2,2,0,0,1,0,0,1,1,0,0,0,0,0,0,0,0,0,0,0,0,0,,
185,5577010160,0,0,1,0,0,87260,28404,58856,0,1,1,67,1176,1977,0,43000,0,0,0,1975,1975,598534,1002,0,0,174,0,0,0.0,0,0,2,2,0,0,1,0,0,1,1,0,0,0,0,0,0,0,0,0,0,0,0,0,,
186,5577010163,0,0,0,0,0,87260,28404,58856,0,1,1,67,1176,1977,0,0,0,0,0,1975,1975,598534,1002,0,0,174,0,0,0.0,0,0,2,2,0,0,1,0,0,1,1,0,0,0,0,0,0,0,0,0,0,0,0,0,0.0,0.0
187,5577010102,0,0,0,0,0,202268,110329,91939,0,0,0,45,2631,1981,0,53500,0,0,0,1975,1975,598534,997,0,0,174,0,0,0.0,0,0,2,2,0,0,1,0,0,1,1,0,0,0,0,0,1,0,0,0,0,0,0,0,,
188,5577010133,0,0,0,0,0,83100,26069,57031,0,1,1,69,1126,1988,0,0,0,0,0,1975,1975,598534,1002,0,0,174,0,0,0.0,0,0,2,2,0,0,1,0,0,1,1,0,0,0,0,0,0,0,0,0,0,0,0,0,,
189,5577010032,0,0,0,0,0,165112,66002,99110,0,1,1,60,2110,1990,0,0,0,0,0,1975,1975,598534,1106,0,0,174,0,0,0.0,0,0,2,2,0,0,1,0,0,1,1,0,0,0,0,0,0,0,0,0,0,0,0,0,,
190,5577010084,1,0,1,0,0,80155,36526,43629,0,1,1,54,1056,1990,0,0,0,0,0,1975,1975,598534,685,0,0,174,0,0,0.0,0,0,1,1,0,0,1,0,0,1,1,0,0,0,0,0,0,0,0,0,0,0,0,0,,
191,5577010008,0,0,0,0,0,175592,88107,87485,0,1,1,50,2194,1991,0,113000,0,0,0,1975,1975,598534,674,0,1,174,1,1,3.0,1,0,1,1,0,0,1,0,0,1,1,0,1,1,0,0,0,0,0,0,0,0,0,0,0.0,1.0
192,5577010017,1,0,1,0,0,119395,41384,78011,0,0,0,65,1667,1992,0,0,0,0,0,1975,1975,598534,1421,0,0,174,0,0,0.0,0,0,3,2,0,0,1,0,0,1,1,0,0,0,0,0,0,0,0,0,0,0,0,0,0.0,0.0
193,5577010153,0,0,0,0,0,168204,43756,124448,0,1,1,74,2141,1996,0,0,0,0,0,1975,1975,598534,1002,0,0,174,0,0,0.0,0,0,2,2,0,0,1,0,0,1,1,0,0,0,0,0,1,0,0,0,0,0,0,0,,
194,5577010159,0,0,0,0,0,172143,52963,119180,0,0,0,69,2272,1999,0,0,1,125600,0,1975,1975,598534,1002,0,0,174,0,0,0.0,0,0,2,2,0,0,1,0,0,1,1,0,0,1,0,0,0,0,0,0,0,0,0,0,0.0,0.0
195,5577010009,0,0,0,0,0,335495,143397,192098,0,0,0,57,4245,0,0,0,0,0,0,1975,1975,598534,1421,0,1,174,1,1,1.0,1,0,3,2,0,0,1,0,0,1,1,0,0,0,0,0,0,0,0,0,0,0,0,0,1.0,0.0
196,5577010014,1,0,1,0,0,384100,308500,75600,0,0,0,20,4782,0,0,0,0,0,0,1975,1975,598534,685,0,0,174,0,0,0.0,0,0,1,1,0,0,1,0,0,1,1,0,0,0,0,0,0,0,0,0,0,0,0,0,,
197,5577007104,0,0,0,0,1,149945,53094,96851,0,1,1,65,1886,2000,0,115500,1,92400,1,1981,1982,108134,812,0,0,79,0,0,0.0,0,0,1,1,0,0,0,0,0,1,1,0,1,1,0,0,0,0,0,0,0,0,0,0,0.0,1.0
198,5579018030,0,0,0,0,1,277386,105244,172142,0,0,0,62,3523,2001,0,0,1,156000,1,1983,1983,11788,1287,0,0,14,0,0,0.0,0,0,2,2,0,0,0,0,0,1,1,0,0,1,0,0,0,0,0,0,0,0,0,0,,
199,5586011061,0,0,0,0,1,395983,259664,136319,0,1,1,34,4831,2001,0,305000,1,244000,1,1990,1990,69261,1327,0,0,47,0,0,0.0,0,0,2,2,0,0,0,0,0,1,1,0,0,1,0,0,0,0,0,0,0,0,0,0,,
200,5586011070,0,0,0,0,1,344048,207729,136319,0,0,0,40,4313,2001,0,265000,1,238250,1,1990,1990,69261,1357,0,0,47,0,0,0.0,0,0,2,2,0,0,0,0,0,1,1,0,0,1,0,0,0,0,0,0,0,0,0,0,,
201,5576001066,0,0,0,0,1,195373,91767,103606,0,1,1,53,2419,2001,0,153500,1,145825,1,1965,1968,18020,928,0,1,40,1,1,1.0,1,0,1,2,0,0,0,0,0,1,1,1,0,1,0,0,0,0,0,0,0,0,0,0,0.0,0.0
202,5586014049,0,0,0,0,1,232388,133074,99314,0,1,1,43,2847,2001,0,179000,1,143200,1,1965,1965,15908,1067,0,0,24,0,0,0.0,0,0,2,2,0,0,0,0,0,1,1,0,0,1,0,0,0,0,0,0,0,0,0,0,0.0,0.0
203,5577007128,0,0,0,0,1,336032,211041,124991,0,1,1,37,4126,2002,0,264000,1,100000,1,1981,1982,108134,1151,0,0,79,0,0,0.0,0,0,2,2,0,0,0,0,0,1,1,0,0,1,0,0,0,0,0,0,0,0,0,0,,
204,5577007152,0,0,0,0,1,308663,183291,125372,0,1,1,41,3799,2002,0,242500,1,218250,1,1981,1982,108134,1151,0,0,79,0,0,0.0,0,0,2,2,0,0,0,0,0,1,1,0,1,1,0,0,0,0,0,0,0,0,0,0,,
205,5586014051,0,0,1,0,1,229108,127284,101824,0,0,0,44,2892,2002,0,0,1,124000,1,1965,1965,15908,1072,0,0,24,0,0,0.0,0,0,2,2,0,0,0,0,0,1,1,0,0,1,0,0,0,0,0,0,0,0,0,0,0.0,0.0
206,5577007097,0,0,0,0,1,270786,171834,98952,0,1,1,37,3328,2003,0,217000,1,173600,1,1981,1982,108134,812,0,0,79,0,0,0.0,0,0,1,1,0,0,0,0,0,1,1,0,0,1,0,0,0,0,0,0,0,0,0,0,,
207,5577007156,0,0,1,0,1,327080,229938,97142,0,1,1,30,3983,2003,0,267000,1,167000,1,1981,1982,108134,812,0,0,79,0,0,0.0,0,0,1,1,0,0,0,0,0,1,1,0,1,1,0,0,0,0,0,0,0,0,0,0,,
208,5586009022,0,0,1,1,1,395584,274541,121043,0,0,0,31,4919,2003,0,317000,1,237750,1,1982,1982,7900,1064,0,0,6,0,0,0.0,0,0,2,2,0,0,0,0,0,1,1,0,0,1,0,0,0,0,0,0,0,0,0,0,,
209,5586011045,1,0,0,0,1,436764,155985,280779,0,1,1,64,5334,2003,0,350000,1,280000,1,1990,1990,69261,1328,0,0,47,0,0,0.0,0,0,2,2,0,0,0,0,0,1,1,0,0,1,0,0,0,0,0,0,0,0,0,0,,
210,5577007108,0,0,0,0,1,436110,308219,127891,0,1,1,29,5320,2004,0,356000,1,284800,1,1981,1982,108134,1151,0,0,79,0,0,0.0,0,0,2,2,0,0,0,0,0,1,1,0,0,1,0,0,0,0,0,0,0,0,0,0,,
211,5577007116,0,0,0,0,1,459392,306263,153129,0,0,0,33,5680,2004,0,375000,1,300000,1,1981,1982,108134,1129,0,0,79,0,0,0.0,0,0,2,2,0,0,0,0,0,1,1,0,1,1,0,0,0,0,0,0,0,0,0,0,1.0,1.0
212,5577007145,0,0,0,0,1,568000,323000,245000,0,0,0,43,6904,2004,0,465000,1,300000,1,1981,1982,108134,1348,0,0,79,0,0,0.0,0,0,2,2,0,0,0,0,0,1,1,0,0,1,0,0,0,0,0,0,0,0,0,0,1.0,0.0
213,5577007166,0,0,0,0,1,311592,181764,129828,0,0,0,42,3929,2004,0,0,1,309600,1,1981,1982,108134,1348,0,0,79,0,0,0.0,0,0,2,2,0,0,0,0,0,1,1,0,0,0,0,0,0,0,1,0,0,0,0,0,,
214,5586011048,0,0,1,0,1,233253,84638,148615,0,1,1,64,2908,2004,0,0,1,113000,1,1990,1990,69261,1367,0,0,47,0,0,0.0,0,0,2,2,0,0,0,0,0,1,1,0,0,0,0,0,0,0,0,0,0,0,0,0,,
215,5586011057,0,0,0,0,1,526770,318513,208257,0,1,1,40,6417,2004,0,430000,1,344000,1,1990,1990,69261,1500,0,0,47,0,0,0.0,0,0,2,2,0,0,0,0,0,1,1,0,0,1,0,0,0,0,0,0,0,0,0,0,1.0,0.0
216,5576001058,0,0,0,0,1,371713,265426,106287,0,1,1,29,4523,2004,0,309500,1,159500,1,1965,1968,18020,928,0,0,40,0,0,0.0,0,0,1,2,0,0,0,0,0,1,1,0,0,0,0,0,1,0,0,0,0,0,0,0,,
217,5586014032,0,0,0,0,1,348291,288245,60046,0,1,1,17,4213,2004,0,290000,1,232000,1,1965,1965,15908,765,0,0,24,1,1,1.0,0,0,1,1,0,0,0,0,0,1,1,0,0,1,0,0,0,0,0,0,0,0,0,0,0.0,0.0
218,5577007094,0,0,1,1,1,512100,405600,106500,0,0,0,21,6308,2005,0,505000,1,305000,1,1981,1982,108134,1129,0,0,79,0,0,0.0,0,0,2,2,0,0,0,0,0,1,1,0,0,1,0,0,0,0,0,0,0,0,0,0,,
219,5577007157,0,0,0,0,1,402337,294611,107726,0,1,1,27,4897,2005,0,335000,1,268000,1,1981,1982,108134,812,0,0,79,0,0,0.0,0,0,1,1,0,0,0,0,0,1,1,0,1,1,0,0,0,0,0,0,0,0,0,0,,
220,5586011054,0,0,0,0,1,738872,529870,209002,0,1,1,28,8945,2005,0,627500,1,502000,1,1990,1990,69261,1459,0,0,47,0,0,0.0,0,0,2,2,0,0,0,0,0,1,1,0,0,1,0,0,0,0,0,0,0,0,0,0,,
221,5576001039,0,0,1,1,1,465102,350183,114919,0,1,1,25,5638,2005,0,395000,1,250000,1,1965,1968,18020,938,0,1,40,1,1,1.0,1,0,1,2,0,0,0,0,0,1,1,0,1,1,0,0,0,0,0,0,0,0,0,0,,
222,5577007100,0,0,0,0,1,493361,349712,143649,0,1,1,29,6003,2006,0,419000,1,335000,1,1981,1982,108134,1151,0,0,79,0,0,0.0,0,0,2,2,0,0,0,0,0,1,1,0,0,1,0,0,0,0,0,0,0,0,0,0,,
223,5577007115,0,0,1,0,1,461570,353245,108325,0,0,0,23,5687,2006,0,240000,1,263000,1,1981,1982,108134,812,0,0,79,0,0,0.0,0,0,1,1,0,0,0,0,0,1,1,0,0,1,0,0,0,0,0,0,0,0,0,0,,
224,5577007124,0,0,0,0,1,162917,65294,97623,0,0,0,60,2124,2006,0,0,1,200000,1,1981,1982,108134,812,0,0,79,0,0,0.0,0,0,1,1,0,0,0,0,0,1,1,0,1,1,0,0,0,0,0,0,0,0,0,0,,
225,5577007133,0,0,0,0,1,459400,352700,106700,0,0,0,23,5662,2006,0,414000,1,314000,1,1981,1982,108134,812,0,0,79,0,0,0.0,0,0,1,1,0,0,0,0,0,1,1,0,1,1,0,0,0,0,0,0,0,0,0,0,,
226,5577007148,0,0,0,0,1,427123,317110,110013,0,1,1,26,5193,2006,0,370000,1,170000,1,1981,1982,108134,812,0,0,79,0,0,0.0,0,0,1,1,0,0,0,0,0,1,1,0,1,1,0,0,0,0,0,0,0,0,0,0,,
227,5586008031,0,0,0,0,1,759478,588745,170733,0,1,1,22,9169,2006,0,645000,1,520800,1,2006,2006,17951,1450,0,0,21,0,0,0.0,0,0,3,3,0,0,0,0,0,1,1,0,0,1,0,0,0,0,0,0,0,0,0,0,,
228,5586008032,0,0,0,0,1,666000,460000,206000,0,0,0,31,8129,2006,0,579000,1,463200,1,2006,2006,17951,1320,0,0,21,0,0,0.0,0,0,2,3,0,0,0,0,0,1,1,0,1,1,0,0,0,0,0,0,0,0,0,0,,
229,5586008039,0,0,0,0,1,668000,524000,144000,0,0,0,22,8153,2006,0,625000,1,500000,1,2006,2006,17951,1320,0,0,21,0,0,0.0,0,0,2,3,0,0,0,0,0,1,1,0,0,1,0,0,0,0,0,0,0,0,0,0,1.0,0.0
230,5586008043,0,0,0,0,1,671000,503000,168000,0,1,1,25,8106,2006,0,640000,1,512000,1,2006,2006,17951,1330,0,0,21,0,0,0.0,0,0,2,3,0,0,0,0,0,1,1,0,1,1,0,0,0,0,0,0,0,0,0,0,,
231,5586008045,0,0,1,0,1,763000,511000,252000,0,1,1,33,9215,2006,0,749000,1,599200,1,2006,2006,17951,1520,0,0,21,0,0,0.0,0,0,3,3,0,0,0,0,0,1,1,0,0,1,0,0,0,0,0,0,0,0,0,0,,
232,5586008047,0,0,1,0,1,724000,507000,217000,0,0,0,30,8824,2006,0,669000,1,535200,1,2006,2006,17951,1380,0,0,21,0,0,0.0,0,0,2,3,0,0,0,0,0,1,1,0,1,1,0,0,0,0,0,0,0,0,0,0,,
233,5586011050,0,0,0,0,1,424287,274541,149746,0,1,1,35,5184,2006,0,0,1,445000,1,1990,1990,69261,1323,0,0,47,0,0,0.0,0,0,2,2,0,0,0,0,0,1,1,0,0,0,0,0,0,0,1,0,0,0,0,0,,
234,5585021029,0,0,0,0,1,545000,400000,145000,0,1,1,27,6622,2006,0,545000,1,400000,1,1984,1988,10440,983,0,0,12,0,0,0.0,0,0,2,3,0,0,0,0,0,1,1,0,0,1,0,0,0,0,0,0,0,0,0,0,1.0,0.0
235,5586014040,0,0,0,0,1,386000,302000,84000,0,1,1,22,4662,2006,0,399000,1,299500,1,1965,1965,15908,765,0,0,24,0,0,0.0,0,0,1,1,0,0,0,0,0,1,1,0,0,1,0,0,0,0,0,0,0,0,0,0,,
236,5577007096,0,0,0,0,1,421351,298872,122479,0,1,1,29,5124,2007,0,365000,1,273750,1,1981,1982,108134,812,0,0,79,0,0,0.0,0,0,1,1,0,0,0,0,0,1,1,0,0,1,0,0,0,0,0,0,0,0,0,0,,
237,5577007167,0,0,0,0,1,454830,332351,122479,0,1,1,27,5523,2007,0,394000,1,315200,1,1981,1982,108134,812,0,0,79,0,0,0.0,0,0,1,1,0,0,0,0,0,1,1,0,1,1,0,0,0,0,0,0,0,0,0,0,,
238,5586008027,0,0,0,0,1,652400,409300,243100,0,1,1,37,7918,2007,0,621000,1,496800,1,1981,1981,9017,1616,0,0,6,0,0,0.0,0,0,3,3,0,0,0,0,0,1,1,0,0,1,0,0,0,0,0,0,0,0,0,0,1.0,0.0
239,5585021023,0,0,0,0,1,571424,420662,150762,0,1,1,26,6944,2007,0,495000,1,396000,1,1984,1988,10440,1101,0,0,12,0,0,0.0,0,0,2,3,0,0,0,0,0,1,1,0,0,1,0,0,0,0,0,0,0,0,0,0,1.0,0.0
240,5576001043,0,0,0,0,1,532000,378000,154000,0,1,1,29,6450,2007,0,479500,1,381550,1,1965,1968,18020,1190,0,1,40,1,1,1.0,1,0,2,2,0,0,0,0,0,1,1,0,0,1,0,0,0,0,0,0,0,0,0,0,,
241,5576001046,0,0,0,0,1,547000,397000,150000,0,1,1,27,6637,2007,0,540000,1,417000,1,1965,1968,18020,1328,0,0,40,0,0,0.0,0,0,2,2,0,0,0,0,0,1,1,0,0,1,0,0,0,0,0,0,0,0,0,0,,
242,5579018025,0,0,0,0,1,549000,337900,211100,0,1,1,38,6678,2008,0,495000,1,396000,1,1983,1983,11788,1254,0,0,14,0,0,0.0,0,0,2,2,0,0,0,0,0,1,1,0,0,1,0,0,0,0,0,0,0,0,0,0,,
243,5579018031,0,0,0,0,1,477601,285203,192398,0,1,1,40,5830,2008,0,422000,1,337600,1,1983,1983,11788,1313,0,0,14,0,0,0.0,0,0,2,2,0,0,0,0,0,1,1,0,0,1,0,0,0,0,0,0,0,0,0,0,,
244,5586011031,0,0,0,0,1,735643,599836,135807,0,1,1,18,8907,2008,0,650000,1,417000,1,1990,1990,69261,1460,0,0,47,0,0,0.0,0,0,2,2,0,0,0,0,0,1,1,0,1,1,0,0,0,0,0,0,0,0,0,0,,
245,5576001060,0,0,0,0,1,429401,261968,167433,0,1,1,39,5230,2008,0,387000,1,309600,1,1965,1968,18020,1258,0,0,40,0,0,0.0,0,0,2,2,0,0,0,0,0,1,1,0,0,1,0,0,0,0,0,0,0,0,0,0,,
246,5579019031,0,0,0,0,1,532592,312343,220249,0,1,1,41,6503,2008,0,480000,1,384000,1,1981,1981,7374,1515,0,0,5,0,0,0.0,0,0,2,3,0,0,0,0,0,1,1,0,0,1,0,0,0,0,0,0,0,0,0,0,,
247,5579018028,0,0,0,0,1,197293,59178,138115,0,1,1,70,2491,2009,0,0,1,100000,1,1983,1983,11788,1416,0,0,14,0,0,0.0,0,0,2,2,0,0,0,0,0,1,1,0,0,0,1,0,0,0,0,0,0,0,0,0,,
248,5576001055,0,0,0,0,1,270284,177528,92756,0,0,0,34,3397,2009,0,244000,1,194850,1,1965,1968,18020,938,0,1,40,1,1,1.0,1,0,1,2,0,0,0,0,0,1,1,0,0,1,0,0,0,0,0,0,0,0,0,0,,
249,5576001062,0,0,0,0,1,503273,320539,182734,0,1,1,36,6115,2009,0,452500,1,407250,1,1965,1968,18020,1328,0,1,40,1,1,0.0,1,0,2,2,0,0,0,0,0,1,1,0,0,1,0,0,0,0,0,0,0,0,0,0,,
250,5579018037,0,0,0,0,1,374369,169338,205031,0,0,0,55,4718,2010,0,0,1,305000,1,1983,1983,11788,1956,1,0,14,0,0,0.0,0,0,3,3,0,0,0,0,0,1,1,0,1,0,0,0,0,0,1,0,0,0,0,0,,
251,5586008025,0,0,0,0,0,477985,209076,268909,0,0,0,56,5836,2010,0,433000,1,346400,1,1981,1981,9017,1594,0,0,6,0,0,0.0,0,0,3,3,0,0,0,0,0,1,1,0,0,1,0,0,0,0,0,0,0,0,0,0,,
252,5586008029,0,0,0,0,1,345554,120464,225090,0,1,1,65,4264,2010,0,0,1,185000,1,1981,1981,9017,1734,0,0,6,0,0,0.0,0,0,3,3,0,0,0,0,0,1,1,0,0,1,0,0,0,0,0,0,0,0,0,0,1.0,0.0
253,5586008044,0,0,0,0,1,597253,368697,228556,0,0,0,38,7320,2010,0,537000,1,337000,1,2006,2006,17951,1490,0,0,21,0,0,0.0,0,0,3,3,0,0,0,0,0,1,1,0,0,1,0,0,0,0,0,0,0,0,0,0,,
254,5585021020,0,0,0,0,1,472688,283613,189075,0,0,0,40,5841,2010,0,425000,1,275000,1,1984,1988,10440,951,0,0,12,0,0,0.0,0,0,2,3,0,0,0,0,0,1,1,0,0,1,0,0,0,0,0,0,0,0,0,0,,
255,5576001029,0,0,0,0,1,319023,196492,122531,0,0,0,38,3973,2010,0,289000,1,216750,1,1965,1968,18020,853,0,0,40,0,0,0.0,0,0,1,1,0,0,0,0,0,1,1,0,0,1,0,0,0,0,0,0,0,0,0,0,,
256,5586014050,0,0,0,0,1,266924,194634,72290,0,0,0,27,3327,2010,0,240000,1,192000,1,1965,1965,15908,798,0,0,24,0,0,0.0,0,0,1,1,0,0,0,0,0,1,1,0,0,1,0,0,0,0,0,0,0,0,0,0,,
257,5577007132,0,0,0,0,1,235928,89934,145994,0,1,1,62,2931,2011,0,218000,1,174400,1,1981,1982,108134,1151,0,0,79,0,0,0.0,0,0,2,2,0,0,0,0,0,1,1,0,0,1,0,0,0,0,0,0,0,0,0,0,,
258,5586008037,0,0,0,0,1,495672,280737,214935,0,0,0,43,6107,2011,0,458000,1,409500,1,2006,2006,17951,1470,0,0,21,0,0,0.0,0,0,3,3,0,0,0,0,0,1,1,0,1,1,0,0,0,0,0,0,0,0,0,0,,
259,5586008046,0,0,0,0,1,535392,314612,220780,0,0,0,41,6492,2011,0,485000,1,165000,1,2006,2006,17951,1400,0,0,21,0,0,0.0,0,0,2,3,0,0,0,0,0,1,1,0,0,1,0,0,0,0,0,0,0,0,0,0,,
260,5577007149,0,0,0,0,1,249341,125095,124246,0,1,1,50,3072,2012,0,235000,1,211500,1,1981,1982,108134,812,0,0,79,0,0,0.0,0,0,1,1,0,0,0,0,0,1,1,0,0,1,0,0,0,0,0,0,0,0,0,0,,
261,5586011044,0,0,0,0,1,555981,343774,212207,0,0,0,38,6846,2012,0,524000,1,232500,1,1990,1990,69261,1449,0,0,47,0,0,0.0,0,0,2,2,0,0,0,0,0,1,1,0,1,1,0,0,0,0,0,0,0,0,0,0,,
262,5586011064,0,0,0,0,1,416667,241667,175000,0,0,0,42,5093,2012,0,385000,1,269500,1,1990,1990,69261,1323,0,0,47,0,0,0.0,0,0,2,2,0,0,0,0,0,1,1,0,0,1,0,0,0,0,0,0,0,0,0,0,,
263,5586011067,0,0,0,0,1,575081,318311,256770,0,0,0,45,7073,2012,0,542000,1,406500,1,1990,1990,69261,1431,0,0,47,0,0,0.0,0,0,2,2,0,0,0,0,0,1,1,0,0,1,0,0,0,0,0,0,0,0,0,0,,
264,5586011074,0,0,1,0,1,297157,159790,137367,0,1,1,46,3651,2012,0,0,1,240000,1,1990,1990,69261,1321,0,0,47,0,0,0.0,0,0,2,2,0,0,0,0,0,1,1,0,0,1,0,0,0,0,0,0,0,0,0,0,,
265,5585021021,0,0,0,0,1,426407,216451,209956,0,0,0,49,5289,2012,0,394000,1,294000,1,1984,1988,10440,963,0,0,12,0,0,0.0,0,0,2,3,0,0,0,0,0,1,1,0,0,1,0,0,0,0,0,0,0,0,0,0,,
266,5576001033,0,0,0,0,1,459957,261255,198702,0,1,1,43,5624,2012,0,425000,1,340000,1,1965,1968,18020,1768,0,0,40,0,0,0.0,0,0,2,2,0,0,0,0,0,1,1,0,1,1,0,0,0,0,0,0,0,0,0,0,,
267,5579007028,0,0,0,0,1,607339,362820,244519,0,0,0,40,7421,2013,0,575000,1,517500,1,1994,1994,11294,1960,0,0,9,0,0,0.0,0,0,3,4,0,0,0,0,0,1,1,0,0,1,0,0,0,0,0,0,0,0,0,0,,
268,5577007091,0,0,1,0,1,339529,185574,153955,0,0,0,45,4250,2013,0,320000,1,256000,1,1981,1982,108134,1129,0,0,79,0,0,0.0,0,0,2,2,0,0,0,0,0,1,1,0,1,1,0,0,0,0,0,0,0,0,0,0,0.0,1.0
269,5577007113,0,0,0,0,1,323613,169658,153955,0,0,0,48,4060,2013,0,1247727,1,244000,1,1981,1982,108134,1129,0,0,79,0,0,0.0,0,0,2,2,0,0,0,0,0,1,1,0,0,1,0,0,0,0,0,0,0,0,0,0,,
270,5577007137,0,0,1,1,1,322152,198467,123685,0,0,0,38,4008,2013,0,305000,1,228750,1,1981,1982,108134,812,0,0,79,0,0,0.0,0,0,1,1,0,0,0,0,0,1,1,0,1,1,0,0,0,0,0,0,0,0,0,0,,
271,5577007138,0,0,1,0,1,169224,45810,123414,0,0,0,73,2200,2013,0,0,1,180000,1,1981,1982,108134,812,0,0,79,0,0,0.0,0,0,1,1,0,0,0,0,0,1,1,0,0,1,0,0,0,0,0,0,0,0,0,0,0.0,0.0
272,5577007147,0,0,0,0,1,291783,167537,124246,0,0,0,43,3662,2013,0,275000,1,220000,1,1981,1982,108134,812,0,0,79,0,0,0.0,0,0,1,1,0,0,0,0,0,1,1,0,1,1,0,0,0,0,0,0,0,0,0,0,,
273,5586011033,0,0,0,0,1,475308,295325,179983,0,1,1,38,5803,2013,0,450000,1,360000,1,1990,1992,69261,1500,0,0,47,0,0,0.0,0,0,2,2,0,0,0,0,0,1,1,0,1,1,0,0,0,0,0,0,0,0,0,0,,
274,5585021026,0,0,0,0,1,496432,349087,147345,0,0,0,30,6127,2013,0,470000,1,352500,1,1984,1988,10440,1008,0,0,12,0,0,0.0,0,0,2,3,0,0,0,0,0,1,1,0,0,1,0,0,0,0,0,0,0,0,0,0,,
275,5586014112,0,0,0,0,1,557041,357037,200004,0,0,0,36,6855,2013,0,525000,1,417000,1,1990,1990,26353,1621,0,0,18,0,0,0.0,0,0,3,3,0,0,0,0,0,1,1,0,0,1,0,0,0,0,0,0,0,0,0,0,,
276,5576001037,0,0,1,0,1,249271,130233,119038,0,0,0,48,3141,2013,0,236000,1,188000,1,1965,1968,18020,853,0,0,40,0,0,0.0,0,0,1,1,0,0,0,0,0,1,1,0,0,1,0,0,0,0,0,0,0,0,0,0,,
277,5586014042,0,0,0,0,0,318308,159154,159154,0,0,0,50,3940,2013,0,300000,1,285000,1,1965,1965,15908,801,0,0,24,0,0,0.0,0,0,1,1,0,0,0,0,0,1,1,0,0,1,0,0,0,0,0,0,0,0,0,0,,
278,5577007098,0,0,0,0,1,295131,168794,126337,0,1,1,43,3618,2014,0,285000,1,228000,1,1981,1982,108134,812,0,0,79,0,0,0.0,0,0,1,1,0,0,0,0,0,1,1,0,0,1,0,0,0,0,0,0,0,0,0,0,,
279,5577007107,0,0,0,0,1,321021,224715,96306,0,0,0,30,4011,2014,0,310000,1,201500,1,1981,1982,108134,812,0,0,79,0,0,0.0,0,0,1,1,0,0,0,0,0,1,1,0,0,1,0,0,0,0,0,0,0,0,0,0,,
280,5577007127,0,0,0,0,1,341732,215395,126337,0,0,0,37,4258,2014,0,330000,1,297000,1,1981,1982,108134,812,0,0,79,0,0,0.0,0,0,1,1,0,0,0,0,0,1,1,0,0,1,0,0,0,0,0,0,0,0,0,0,,
281,5577007139,0,0,0,0,1,443215,268207,175008,0,0,0,39,5487,2014,0,428000,1,406600,1,1981,1982,108134,1129,0,1,79,1,1,3.0,1,0,2,2,0,0,0,0,0,1,1,0,0,1,0,0,0,0,0,0,0,0,0,0,,
282,5577007141,0,0,0,0,1,340696,240248,100448,0,0,0,29,4162,2014,0,329000,1,296100,1,1981,1982,108134,812,0,0,79,0,0,0.0,0,0,1,1,0,0,0,0,0,1,1,0,0,1,0,0,0,0,0,0,0,0,0,0,,
283,5577007155,0,0,1,0,1,347501,245047,102454,0,0,0,29,4327,2014,0,329000,1,230000,1,1981,1982,108134,812,0,0,79,0,0,0.0,0,0,1,1,0,0,0,0,0,1,1,0,0,1,0,0,0,0,0,0,0,0,0,0,,
284,5586008048,0,0,0,0,1,605797,359336,246461,0,0,0,41,7413,2014,0,585000,1,303000,1,2006,2006,17951,1360,0,0,21,0,0,0.0,0,0,3,2,0,0,0,0,0,1,1,0,0,1,0,0,0,0,0,0,0,0,0,0,,
285,5586008049,0,0,1,0,1,647220,412150,235070,0,1,1,36,7833,2014,0,625000,1,437500,1,2006,2006,17951,1510,0,0,21,0,0,0.0,0,0,3,3,0,0,0,0,0,1,1,0,0,1,0,0,0,0,0,0,0,0,0,0,1.0,0.0
286,5586011036,0,0,0,0,1,597831,427777,170054,0,0,0,28,7333,2014,0,565500,1,451900,1,1990,1990,69261,1238,0,0,47,0,0,0.0,0,0,2,2,0,0,0,0,0,1,1,0,1,1,0,0,0,0,0,0,0,0,0,0,,
287,5586011059,0,0,0,0,1,538486,332412,206074,0,0,0,38,6631,2014,0,520000,1,416000,1,1990,1990,69261,1328,0,0,47,0,0,0.0,0,0,2,2,0,0,0,0,0,1,1,0,0,1,0,0,0,0,0,0,0,0,0,0,,
288,5576001034,0,0,0,0,1,375387,262512,112875,0,1,1,30,4567,2014,0,362500,1,344375,1,1965,1968,18020,928,0,0,40,0,0,0.0,0,0,1,2,0,0,0,0,0,1,1,0,1,1,0,0,0,0,0,0,0,0,0,0,,
289,5576001052,0,0,0,0,1,433896,277528,156368,0,1,1,36,5284,2014,0,419000,1,398050,1,1965,1968,18020,1258,0,1,40,1,1,1.0,1,0,2,2,0,0,0,0,0,1,1,1,0,1,0,0,0,0,0,0,0,0,0,0,,
290,5579018036,0,0,0,0,1,549878,393510,156368,0,1,1,28,6701,2015,0,531000,1,424800,1,1983,1983,11788,1470,0,1,14,0,0,4.0,1,0,3,3,0,0,0,0,0,1,1,0,0,1,0,0,0,0,0,0,0,0,0,0,,
291,5577007093,0,0,0,0,1,383154,258888,124266,0,1,1,32,4687,2015,0,370000,1,351500,1,1981,1982,108134,1129,0,0,79,0,0,0.0,0,0,2,2,0,0,0,0,0,1,1,0,0,1,0,0,0,0,0,0,0,0,0,0,,
292,5577007112,0,0,1,0,1,377400,294780,82620,0,0,0,22,4683,2015,0,257000,1,205600,1,1981,1982,108134,812,0,0,79,0,0,0.0,0,0,2,2,0,0,0,0,0,1,1,0,1,1,0,0,0,0,0,0,0,0,0,0,,
293,5577007114,0,0,0,0,1,390808,237548,153260,0,1,1,39,4778,2015,0,0,1,259110,1,1981,1982,108134,1129,0,0,79,0,0,0.0,0,0,2,2,0,0,0,0,0,1,1,0,0,1,0,0,0,0,0,0,0,0,0,0,,
294,5577007162,0,0,1,0,1,535017,383154,151863,0,0,0,28,6578,2015,0,517000,1,413320,1,1981,1982,108134,1348,0,0,79,0,0,0.0,0,0,2,2,0,0,0,0,0,1,1,0,0,1,0,0,0,0,0,0,0,0,0,0,,
295,5586008041,0,0,0,0,1,612000,416160,195840,0,0,0,32,7399,2015,0,600000,1,472000,1,2006,2006,17951,1280,0,0,21,0,0,0.0,0,0,2,3,0,0,0,0,0,1,1,0,1,1,0,0,0,0,0,0,0,0,0,0,,
296,5586008050,0,0,0,0,1,637500,353940,283560,0,0,0,44,7793,2015,0,625500,1,500400,1,2006,2006,17951,1390,0,0,21,0,0,0.0,0,0,2,3,0,0,0,0,0,1,1,0,0,1,0,0,0,0,0,0,0,0,0,0,,
297,5586009023,0,0,0,0,1,453571,341732,111839,0,0,0,25,5607,2015,0,438000,1,350400,1,1982,1982,7900,987,0,0,6,0,0,0.0,0,0,2,2,0,0,0,0,0,1,1,0,0,1,0,0,0,0,0,0,0,0,0,0,,
298,5585021019,0,0,0,0,1,559199,414222,144977,0,1,1,26,6804,2015,0,540000,1,432000,1,1984,1988,10440,1198,0,0,12,0,0,0.0,0,0,2,3,0,0,0,0,0,1,1,0,0,1,0,0,0,0,0,0,0,0,0,0,,
299,5585021024,0,0,0,0,1,571200,373320,197880,0,0,0,35,7017,2015,0,560000,1,420000,1,1984,1988,10440,970,0,0,12,0,0,0.0,0,0,2,3,0,0,0,0,0,1,1,0,0,1,0,0,0,0,0,0,0,0,0,0,,
300,5586014107,0,0,0,0,1,621332,455644,165688,0,1,1,27,7522,2015,0,600000,1,480000,1,1990,1990,26353,1340,0,0,18,0,0,0.0,0,0,2,3,0,0,0,0,0,1,1,0,0,1,0,0,0,0,0,0,0,0,0,0,,
301,5576001032,0,0,0,0,1,383154,279599,103555,0,0,0,27,4740,2015,0,370000,1,296000,1,1965,1968,18020,879,0,0,40,0,0,0.0,0,0,1,1,0,0,0,0,0,1,1,0,0,1,0,0,0,0,0,0,0,0,0,0,,
302,5576001056,0,0,0,0,1,387600,173400,214200,0,0,0,55,4793,2015,0,380000,1,304000,1,1965,1968,18020,879,0,0,40,0,0,0.0,0,0,1,1,0,0,0,0,0,1,1,0,0,1,0,0,0,0,0,0,0,0,0,0,,
303,5576001065,0,0,0,0,1,595938,378661,217277,0,1,1,36,7230,2015,0,0,1,270000,1,1965,1968,18020,1768,0,0,40,0,0,0.0,0,0,2,2,0,0,0,0,0,1,1,0,0,0,0,0,0,0,1,0,0,0,0,0,,
304,5586014044,0,0,0,0,0,388331,310666,77665,0,1,1,20,4689,2015,0,375000,1,337500,1,1965,1965,15908,738,0,0,24,0,0,0.0,0,0,1,1,0,0,0,0,0,1,1,0,0,1,0,0,0,0,0,0,0,0,0,0,,
305,5579007030,0,0,0,0,1,647700,453900,193800,0,0,0,30,7901,2016,0,635000,1,603250,1,1994,1994,11294,1930,0,0,9,0,0,0.0,0,0,3,4,0,0,0,0,0,1,1,0,0,1,0,0,0,0,0,0,0,0,0,0,1.0,0.0
306,5579007032,0,0,1,0,1,879500,439500,440000,0,0,0,50,10745,2016,0,879500,1,615650,1,1994,1994,11294,3310,0,0,9,0,0,0.0,0,0,3,4,0,0,0,0,0,1,1,0,0,1,0,0,0,0,0,0,0,0,0,0,,
307,5577007125,0,0,1,0,1,372300,260100,112200,0,0,0,30,4622,2016,0,365000,1,237250,1,1981,1982,108134,812,0,0,79,0,0,0.0,0,0,1,1,0,0,0,0,0,1,1,0,0,1,0,0,0,0,0,0,0,0,0,0,,
308,5577007159,0,0,1,0,1,354085,254844,99241,0,0,0,28,4323,2016,0,0,1,236500,1,1981,1982,108134,812,0,0,79,0,0,0.0,0,0,1,1,0,0,0,0,0,1,1,0,0,1,0,0,0,0,0,0,0,0,0,0,,
309,5577007164,0,0,0,0,1,377400,265200,112200,0,0,0,30,5053,2016,0,370000,1,296000,1,1981,1982,108134,812,0,0,79,0,0,0.0,0,0,1,1,0,0,0,0,0,1,1,0,0,1,0,0,0,0,0,0,0,0,0,0,0.0,0.0
310,5586008040,0,0,1,1,1,621180,433500,187680,0,0,0,30,7593,2016,0,609000,1,417000,1,2006,2006,17951,1300,0,0,21,0,0,0.0,0,0,2,3,0,0,0,0,0,1,1,0,0,1,0,0,0,0,0,0,0,0,0,0,,
311,5586011052,0,0,1,0,1,693600,484500,209100,0,1,1,30,8398,2016,0,680000,1,340000,1,1990,1990,69261,1339,0,0,47,0,0,0.0,0,0,2,2,0,0,0,0,0,1,1,0,0,1,0,0,0,0,0,0,0,0,0,0,1.0,0.0
312,5585021030,0,0,1,0,1,600000,300000,300000,0,0,0,50,7362,2016,0,600000,1,417000,1,1984,1988,10440,990,0,0,12,0,0,0.0,0,0,2,3,0,0,0,0,0,1,1,0,0,1,0,0,0,0,0,0,0,0,0,0,,
313,5586014110,0,0,0,0,1,673200,469200,204000,0,1,1,30,8146,2016,0,660000,1,535500,1,1990,1990,26353,1430,0,0,18,0,0,0.0,0,0,2,3,0,0,0,0,0,1,1,0,0,1,0,0,0,0,0,0,0,0,0,0,,
314,5576001028,0,0,0,0,1,555000,277000,278000,0,1,1,50,6745,2016,0,555000,1,499400,1,1965,1968,18020,1258,0,0,40,0,0,0.0,0,0,2,2,0,0,0,0,0,1,1,0,1,1,0,0,0,0,0,0,0,0,0,0,,
315,5576001035,0,0,0,0,1,535000,375000,160000,0,0,0,30,6569,2016,0,535000,1,300000,1,1965,1968,18020,1190,0,0,40,0,0,0.0,0,0,2,2,0,0,0,0,0,1,1,0,0,1,0,0,0,0,0,0,0,0,0,0,1.0,0.0
316,5586014031,1,0,0,0,1,589000,450000,139000,0,0,0,24,7189,2016,0,589000,1,417000,1,1965,1965,15908,1142,0,0,24,0,0,0.0,0,0,2,2,0,0,0,0,0,1,1,0,0,1,0,0,0,0,0,0,0,0,0,0,,
317,5579018027,0,0,0,0,1,277056,168831,108225,0,0,0,39,3512,2017,0,475000,1,380000,1,1983,1983,11788,1156,0,0,14,0,0,0.0,0,0,2,2,0,0,0,0,0,1,1,0,0,1,0,0,0,0,0,0,0,0,0,0,,
318,5577007090,0,0,0,0,1,311414,149146,162268,0,0,0,52,3914,2017,0,0,1,203500,1,1981,1982,108134,1129,0,0,79,0,0,0.0,0,0,2,2,0,0,0,0,0,1,1,0,0,0,1,0,0,0,0,0,0,0,0,0,,
319,5577007106,0,0,0,0,1,291781,141753,150028,0,0,0,51,3681,2017,0,497000,1,372750,1,1981,1982,108134,1151,0,0,79,0,0,0.0,0,0,2,2,0,0,0,0,0,1,1,0,0,1,0,0,0,0,0,0,0,0,0,0,,
320,5577007131,0,0,0,0,1,199678,76913,122765,0,0,0,61,2479,2017,0,399000,1,165000,1,1981,1982,108134,812,0,0,79,0,0,0.0,0,0,1,1,0,0,0,0,0,1,1,0,0,1,0,0,0,0,0,0,0,0,0,0,,
321,5577007158,0,0,0,0,1,333753,204158,129595,0,0,0,39,4182,2017,0,539000,1,424000,1,1981,1982,108134,1151,0,0,79,0,0,0.0,0,0,2,2,0,0,0,0,0,1,1,0,1,1,0,0,0,0,0,0,0,0,0,0,0.0,1.0
322,5586011029,0,0,0,0,1,224513,78014,146499,0,1,1,65,2793,2017,0,750000,1,600000,1,1990,1990,69261,1459,0,0,47,0,0,0.0,0,0,2,2,0,0,0,0,0,1,1,0,0,1,0,0,0,0,0,0,0,0,0,0,,
323,5586011063,0,0,0,0,1,277077,52570,224507,0,0,0,81,3513,2017,0,696000,1,556640,1,1990,1990,69261,1347,0,0,47,0,0,0.0,0,0,2,2,0,0,0,0,0,1,1,0,0,1,0,0,0,0,0,0,0,0,0,0,,
324,5586014111,0,0,0,0,1,632689,426722,205967,0,0,0,33,7674,2017,0,741000,1,187000,1,1990,1990,26353,1621,0,0,18,0,0,0.0,0,0,3,3,0,0,0,0,0,1,1,0,0,1,0,0,0,0,0,0,0,0,0,0,,
325,5576001048,0,0,0,0,1,285183,165301,119882,0,0,0,42,3488,2017,0,459000,1,298350,1,1965,1968,18020,879,0,1,40,1,1,1.0,1,0,1,1,0,0,0,0,0,1,1,0,1,1,0,0,0,0,0,0,0,0,0,0,,
326,5586014043,0,0,0,0,1,301251,179824,121427,0,0,0,40,3669,2017,0,589000,1,471200,1,1965,1965,15908,1072,0,0,24,0,0,0.0,0,0,2,2,0,0,0,0,0,1,1,0,0,1,0,0,0,0,0,0,0,0,0,0,0.0,0.0
327,5577007099,0,0,1,1,1,208229,76294,131935,0,1,1,63,2581,1991,0,134000,1,100500,1,1981,1982,108134,812,0,0,79,0,0,0.0,0,0,1,1,0,0,0,0,0,1,1,0,1,1,0,0,0,0,0,0,0,0,0,0,,
328,5577007129,0,0,0,0,1,211769,68707,143062,0,1,1,68,2624,1992,0,139000,0,125100,1,1981,1982,108134,812,0,0,79,0,0,0.0,0,0,1,1,0,0,0,0,0,1,1,0,0,1,0,0,0,0,0,0,0,0,0,0,0.0,0.0
329,5586014113,0,0,0,0,1,335337,105299,230038,0,1,1,69,4115,1992,0,224500,1,202000,1,1990,1990,26353,1430,0,0,18,0,0,0.0,0,0,2,3,0,0,0,0,0,1,1,0,0,0,0,0,0,1,0,0,0,0,0,0,0.0,0.0
330,5586014036,0,0,0,0,1,137405,57198,80207,0,1,1,58,1696,1992,0,92000,1,87400,1,1965,1965,15908,754,0,1,24,1,1,1.0,0,0,1,1,0,0,0,0,0,1,1,0,0,1,0,0,0,0,0,0,0,0,0,0,,
331,5579018032,0,0,0,0,1,182334,37616,144718,0,1,1,79,2308,1994,0,98000,1,88200,1,1983,1983,11788,1327,0,1,14,1,1,3.0,1,0,2,2,0,0,0,0,0,1,1,0,0,0,0,0,1,0,0,0,0,0,0,0,,
332,5586014035,0,0,0,0,1,190359,84051,106308,0,1,1,56,2348,1994,0,130000,0,123500,1,1965,1965,15908,1103,0,0,24,0,0,0.0,0,0,2,2,0,0,0,0,0,1,1,0,0,1,0,0,0,0,0,0,0,0,0,0,,
333,5579018029,0,0,0,0,1,162329,67407,94922,0,1,1,58,2065,1996,0,92000,1,87400,1,1983,1983,11788,1254,0,0,14,0,0,0.0,0,0,2,2,0,0,0,0,0,1,1,0,0,1,0,0,0,0,0,0,0,0,0,0,,
334,5586014047,1,0,0,0,1,150277,44221,106056,0,0,0,71,1957,1996,0,105000,1,84000,1,1965,1965,15908,1167,0,0,24,0,0,0.0,0,0,2,2,0,0,0,0,0,1,1,0,0,1,0,0,0,0,0,0,0,0,0,0,,
335,5577007136,0,0,0,0,1,220689,49467,171222,0,1,1,78,2748,1997,0,0,1,51000,1,1981,1982,108134,1129,0,0,79,0,0,0.0,0,0,2,2,0,0,0,0,0,1,1,0,0,1,0,0,0,0,0,0,0,0,0,0,0.0,0.0
336,5576001061,0,0,0,0,1,57766,8244,49522,0,0,0,86,857,1997,0,42000,1,37800,1,1965,1968,18020,853,0,0,40,0,0,0.0,0,0,1,1,0,0,0,0,0,1,1,0,0,0,0,0,1,0,0,0,0,0,0,0,,
337,5586011042,0,0,0,0,1,461723,299498,162225,0,0,0,35,5637,2017,0,0,1,125000,1,1990,1990,69257,1434,0,0,47,0,0,0.0,0,0,2,2,0,0,0,0,0,1,1,0,1,1,0,0,0,0,0,0,0,0,0,0,,
338,5576001044,0,0,0,0,1,245019,113027,131992,0,1,1,54,3030,2001,0,192500,1,186725,1,1965,1968,18020,1258,0,0,40,0,0,0.0,0,0,2,2,0,0,0,0,0,1,1,0,0,1,0,0,0,0,0,0,0,0,0,0,0.0,0.0
339,5586008034,0,0,0,0,1,605000,425000,180000,0,0,0,30,7399,2016,0,605000,1,594041,1,2006,2006,17951,1280,0,0,21,0,0,0.0,0,0,2,3,0,0,0,0,0,1,1,0,0,1,0,0,0,0,0,0,0,0,0,0,,
340,5576001047,0,0,1,0,1,351296,244769,106527,0,0,0,30,4363,2004,0,292500,1,160000,1,1965,1968,18020,938,0,0,40,0,0,0.0,0,0,1,2,0,0,0,0,0,1,1,0,0,1,0,0,0,0,0,0,0,0,0,0,,
341,5576001059,0,0,0,0,1,285182,228147,57035,0,0,0,20,3589,2013,0,270000,1,180000,1,1965,1968,18020,1190,0,1,40,1,1,1.0,1,0,2,2,0,0,0,0,0,1,1,0,0,1,0,0,0,0,0,0,0,0,0,0,,
342,5576001040,0,0,1,1,1,372300,192780,179520,0,1,1,48,4527,2015,0,365000,1,273750,1,1965,1968,18020,879,0,0,40,0,0,0.0,0,0,1,1,0,0,0,0,0,1,1,0,0,1,0,0,0,0,0,0,0,0,0,0,,
343,5586008051,0,0,0,0,1,689672,459959,229713,0,0,0,33,8343,2017,0,797500,1,597500,1,2006,2006,17951,1560,0,0,21,0,0,0.0,0,0,3,3,0,0,0,0,0,1,1,0,0,1,0,0,0,0,0,0,0,0,0,0,,
344,5577007121,1,0,1,0,1,198360,45699,152661,0,0,0,77,2547,2000,0,0,0,0,0,1981,1982,108134,812,0,0,79,0,0,0.0,0,0,1,1,0,0,0,0,0,1,1,0,1,0,0,0,1,0,0,0,0,0,0,0,,
345,5586014115,0,0,0,0,1,331063,167518,163545,0,1,1,49,4072,2000,0,250000,1,187500,0,1990,1990,26353,1573,0,0,18,0,0,0.0,0,0,3,3,0,0,0,0,0,1,1,0,0,1,0,0,0,0,0,0,0,0,0,0,0.0,0.0
346,5576001031,0,0,0,0,1,95677,25960,69717,0,1,1,73,1230,2000,0,74000,0,73700,0,1965,1968,18020,938,0,1,40,1,1,1.0,1,0,1,1,0,0,0,0,0,1,1,0,0,1,0,0,0,0,0,0,0,0,0,0,,
347,5577007109,1,0,1,0,0,216575,54361,162214,0,0,0,75,2766,2001,0,0,0,0,0,1981,1982,108134,1129,0,0,79,0,0,0.0,0,0,2,2,0,0,0,0,0,1,1,0,0,0,0,0,1,0,0,0,0,0,0,0,,
348,5586011030,1,0,0,0,1,231515,38826,192689,0,1,1,83,2886,2001,0,0,0,0,0,1990,1990,69261,1341,0,0,47,0,0,0.0,0,0,2,2,0,0,0,0,0,1,1,0,0,0,0,0,0,0,1,0,0,0,0,0,,
349,5577007140,0,0,1,0,0,229855,58646,171209,0,0,0,74,2941,2003,0,0,0,0,0,1981,1982,108134,1129,0,0,79,0,0,0.0,0,0,2,2,0,0,0,0,0,1,1,0,0,1,0,0,0,0,0,0,0,0,0,0,0.0,0.0
350,5576001030,0,0,0,0,0,254858,117327,137531,0,1,1,54,3152,2003,0,0,0,0,0,1965,1968,18020,1328,0,1,40,1,1,0.0,1,0,2,2,0,0,0,0,0,1,1,0,1,0,0,0,0,0,1,0,0,0,0,0,,
351,5586014106,0,0,0,0,1,358039,218637,139402,0,0,0,39,4476,2004,0,0,0,0,0,1990,1990,26353,1537,0,0,18,0,0,0.0,0,0,3,3,0,0,0,0,0,1,1,0,0,1,0,0,0,0,0,0,0,0,0,0,,
352,5586014119,0,0,1,0,1,630539,480413,150126,0,0,0,24,7727,2004,0,525000,0,0,0,1990,1990,26353,1537,0,0,18,0,0,0.0,0,0,3,3,0,0,0,0,0,1,1,0,0,1,0,0,0,0,0,0,0,0,0,0,,
353,5586014030,0,0,0,0,0,336280,276234,60046,0,1,1,18,4068,2004,0,0,0,0,0,1965,1965,15908,742,0,1,24,1,1,1.0,1,0,1,1,0,0,0,0,0,1,1,0,0,0,0,0,0,0,1,0,0,0,0,0,,
354,5577007102,0,0,1,0,0,269465,86539,182926,0,0,0,68,3415,2005,0,0,0,0,0,1981,1982,108134,1151,0,0,79,0,0,0.0,0,0,2,2,0,0,0,0,0,1,1,0,0,0,0,0,0,0,0,0,0,0,0,0,,
355,5577007160,1,0,0,0,0,202605,81040,121565,0,1,1,60,2534,2005,0,0,0,0,0,1981,1982,108134,1151,0,1,79,1,1,3.0,1,0,2,2,0,0,0,0,0,1,1,0,1,0,0,0,0,0,1,0,0,0,0,0,,
356,5586011056,0,0,0,0,0,449244,299498,149746,0,1,1,33,5488,2005,0,0,0,0,0,1990,1990,69261,1429,0,0,47,0,0,0.0,0,0,2,2,0,0,0,0,0,1,1,0,0,0,1,0,0,0,0,0,0,0,0,0,,
357,5586014114,0,0,0,0,0,293782,194508,99274,0,1,1,34,3630,2005,0,0,0,0,0,1990,1990,26353,1621,0,0,18,0,0,0.0,0,0,3,3,0,0,0,0,0,1,1,0,0,1,0,0,0,0,0,0,0,0,0,0,,
358,5586014118,0,0,0,0,1,411806,274541,137265,0,1,1,33,5022,2005,0,0,0,0,0,1990,1990,26353,1340,0,0,18,0,0,0.0,0,0,2,3,0,0,0,0,0,1,1,0,0,0,0,0,0,0,1,0,0,0,0,0,,
359,5586014045,1,0,1,0,0,210251,73500,136751,0,0,0,65,2686,2005,0,0,0,0,0,1965,1965,15908,1414,0,0,24,0,0,0.0,0,0,3,3,0,0,0,0,0,1,1,0,0,1,0,0,0,0,0,0,0,0,0,0,,
360,5586014046,1,0,1,0,0,107109,42262,64847,0,0,0,61,1419,2005,0,0,0,0,0,1966,1966,15908,776,0,0,24,0,0,0.0,0,0,1,1,0,0,0,0,0,1,1,0,0,0,0,0,1,0,0,0,0,0,0,0,0.0,0.0
361,5586008042,0,0,1,0,1,685400,515300,170100,0,1,1,25,8285,2006,0,665000,0,0,0,2006,2006,17951,1440,0,0,21,0,0,0.0,0,0,3,3,0,0,0,0,0,1,1,0,0,1,0,0,0,0,0,0,0,0,0,0,,
362,5586011051,0,0,0,0,1,297154,153710,143444,0,1,1,48,3674,2006,0,0,0,0,0,1990,1990,69261,1434,0,0,47,0,0,0.0,0,0,2,2,0,0,0,0,0,1,1,0,0,1,0,0,0,0,0,0,0,0,0,0,1.0,0.0
363,5586014034,0,0,0,0,0,377118,295573,81545,0,1,1,22,4560,2006,0,0,0,0,0,1965,1965,15908,822,0,0,24,0,0,0.0,0,0,1,1,0,0,0,0,0,1,1,0,0,0,0,0,0,0,1,0,0,0,0,0,,
364,5577007123,0,0,1,0,0,287012,187185,99827,0,0,0,35,3605,2008,0,0,0,0,0,1981,1982,108134,812,0,0,79,0,0,0.0,0,0,1,1,0,0,0,0,0,1,1,0,0,1,0,0,0,0,0,0,0,0,0,0,1.0,0.0
365,5577007153,0,0,0,0,1,316222,189402,126820,0,0,0,40,3953,2008,0,285000,0,0,0,1981,1985,108134,812,0,0,79,0,0,0.0,0,0,1,1,0,0,0,0,0,1,1,0,1,1,0,0,0,0,0,0,0,0,0,0,,
366,5586014116,1,0,1,0,1,328330,201116,127214,0,1,1,39,4031,2008,0,0,0,0,0,1990,1990,26353,1410,0,0,18,0,0,0.0,0,0,2,3,0,0,0,0,0,1,1,0,0,1,0,0,0,0,0,0,0,0,0,0,,
367,5577007126,0,0,0,0,1,411515,253361,158154,0,1,1,38,5026,2009,0,370000,0,0,0,1981,1982,108134,1151,0,0,79,0,0,0.0,0,0,2,2,0,0,0,0,0,1,1,0,0,1,0,0,0,0,0,0,0,0,0,0,,
368,5577007101,1,0,0,0,0,286887,187935,98952,0,1,1,34,3520,2010,0,0,0,0,0,1981,1982,108134,812,0,0,79,0,0,0.0,0,0,1,1,0,0,0,0,0,1,1,0,0,0,0,0,0,0,0,0,0,1,0,0,1.0,0.0
369,5577007165,0,1,1,0,0,239791,101782,138009,0,0,0,58,3056,2010,0,0,0,0,0,1981,1982,108134,1348,0,0,79,0,0,0.0,0,0,2,2,0,0,0,0,0,1,1,0,0,0,0,0,0,0,1,0,0,0,0,0,,
370,5579018026,0,0,0,0,0,254328,146103,108225,0,1,1,43,3181,2011,0,235000,0,0,0,1983,1983,11788,1287,0,0,14,0,0,0.0,0,0,2,2,0,0,0,0,0,1,1,0,0,1,0,0,0,0,0,0,0,0,0,0,,
371,5577007103,0,0,1,0,0,114126,33086,81040,0,1,1,71,1459,2011,0,0,0,0,0,1981,1982,108134,812,0,0,79,0,0,0.0,0,0,1,1,0,0,0,0,0,1,1,0,0,0,0,0,0,0,1,0,0,0,0,0,,
372,5586011062,0,0,1,0,1,544980,326989,217991,0,0,0,40,6710,2011,0,0,0,0,0,1990,1990,69261,1363,0,0,47,0,0,0.0,0,0,2,2,0,0,0,0,0,1,1,0,0,1,0,0,0,0,0,0,0,0,0,0,,
373,5586014039,1,0,0,0,0,178290,73475,104815,0,1,1,59,2210,2011,0,0,0,0,0,1965,1965,15908,1209,0,0,24,0,0,0.0,0,0,2,2,0,0,0,0,0,1,1,0,0,1,0,0,0,0,0,0,0,0,0,0,,
374,5579007031,0,0,1,0,0,347727,182143,165584,0,0,0,48,4319,2012,0,0,0,0,0,1994,1994,11294,1880,0,0,9,0,0,0.0,0,0,3,4,0,0,0,0,0,1,1,0,0,1,0,0,0,0,0,0,0,0,0,0,1.0,0.0
375,5579007034,0,1,1,1,1,299209,150666,148543,0,0,0,50,3738,2012,0,282000,0,0,0,1994,1994,11294,1840,0,0,9,0,0,0.0,0,0,3,4,0,0,0,0,0,1,1,0,0,1,0,0,0,0,0,0,0,0,0,0,,
376,5579007035,0,0,1,0,0,339529,180375,159154,0,1,1,47,4135,2012,0,0,0,0,0,1994,1994,11294,1840,0,0,9,0,0,0.0,0,0,3,4,0,0,0,0,0,1,1,0,0,0,0,0,0,0,1,0,0,0,0,0,,
377,5586008035,0,0,0,0,1,449676,220780,228896,0,0,0,51,5473,2012,0,415500,0,0,0,2006,2006,17951,1440,0,0,21,0,0,0.0,0,0,3,3,0,0,0,0,0,1,1,0,0,1,0,0,0,0,0,0,0,0,0,0,,
378,5586011040,0,0,1,0,0,503991,291784,212207,0,0,0,42,6220,2012,0,0,0,0,0,1990,1990,69261,1341,0,0,47,0,0,0.0,0,0,2,2,0,0,0,0,0,1,1,0,0,0,0,0,0,0,1,0,0,0,0,0,,
379,5586011066,1,0,1,0,1,585066,419482,165584,0,0,0,28,7187,2012,0,0,0,0,0,1990,1990,69261,1332,0,0,47,0,0,0.0,0,0,2,2,0,0,0,0,0,1,1,0,1,0,0,0,0,0,0,0,0,1,0,0,,
380,5579007033,0,0,0,0,1,270562,162337,108225,0,0,0,40,3386,2013,0,0,0,0,0,1994,1994,11294,1670,0,0,9,0,0,0.0,0,0,3,4,0,0,0,0,0,1,1,0,0,1,0,0,0,0,0,0,0,0,0,0,1.0,0.0
381,5577007092,0,0,1,0,0,131012,36058,94954,0,1,1,72,1660,2013,0,0,0,0,0,1981,1982,108134,812,0,0,79,0,0,0.0,0,0,1,1,0,0,0,0,0,1,1,0,0,1,0,0,0,0,0,0,0,0,0,0,,
382,5586011032,1,0,1,1,1,615400,307700,307700,0,0,0,50,7555,2013,0,580000,0,0,0,1990,1990,69261,1438,0,0,47,0,0,0.0,0,0,2,2,0,0,0,0,0,1,1,0,1,1,0,0,0,0,0,0,0,0,0,0,1.0,1.0
383,5586011037,1,0,0,0,1,594180,297090,297090,0,1,1,50,7213,2013,0,560000,0,0,0,1990,1990,69261,1347,0,0,47,0,0,0.0,0,0,2,2,0,0,0,0,0,1,1,0,0,1,0,0,0,0,0,0,0,0,0,0,,
384,5586014108,1,0,1,0,1,290409,131425,158984,0,0,0,55,3669,2013,0,0,0,0,0,1990,1990,26353,1537,0,0,18,0,0,0.0,0,0,3,3,0,0,0,0,0,1,1,0,0,1,0,0,0,0,0,0,0,0,0,0,1.0,0.0
385,5586014109,1,0,1,1,1,572958,373378,199580,0,0,0,35,7045,2013,0,540000,0,0,0,1990,1990,26353,1621,0,0,18,0,0,0.0,0,0,3,3,0,0,0,0,0,1,1,0,0,1,0,0,0,0,0,0,0,0,0,0,,
386,5576001041,0,0,0,0,1,425474,233746,191728,0,0,0,45,5296,2013,0,401000,0,0,0,1965,1968,18020,1768,0,0,40,0,0,0.0,0,0,2,2,0,0,0,0,0,1,1,0,0,1,0,0,0,0,0,0,0,0,0,0,,
387,5579018033,1,0,1,1,1,442563,265538,177025,0,0,0,40,5475,2014,0,419000,0,0,0,1983,1983,11788,1247,0,0,14,0,0,0.0,0,0,2,2,0,0,0,0,0,1,1,0,1,1,0,0,0,0,0,0,0,0,0,0,1.0,1.0
388,5579018034,0,0,0,0,0,504852,371707,133145,0,0,0,26,6235,2014,0,0,0,0,0,1983,1983,11788,1254,0,0,14,0,0,0.0,0,0,2,2,0,0,0,0,0,1,1,0,1,0,0,0,0,0,1,0,0,0,0,0,,
389,5579018035,0,0,0,0,1,340909,216451,124458,0,0,0,37,4234,2014,0,0,0,0,0,1983,1983,11788,1927,0,1,14,0,0,2.0,1,0,3,3,0,0,0,0,0,1,1,0,0,0,0,0,0,0,1,0,0,0,0,0,,
390,5577007118,0,0,0,0,1,326377,240823,85554,0,1,1,26,3991,2014,0,309000,0,0,0,1981,1982,108134,812,0,0,79,0,0,0.0,0,0,1,1,0,0,0,0,0,1,1,0,1,1,0,0,0,0,0,0,0,0,0,0,,
391,5577007130,0,0,0,0,1,161074,58130,102944,0,1,1,64,2019,2014,0,0,0,0,0,1981,1982,108134,812,0,0,79,0,0,0.0,0,0,1,1,0,0,0,0,0,1,1,0,0,0,0,0,0,0,1,0,0,0,0,0,0.0,0.0
392,5586008033,0,0,0,0,1,606281,441509,164772,0,1,1,27,7332,2014,0,574000,0,0,0,2006,2006,17951,1300,0,0,21,0,0,0.0,0,0,2,3,0,0,0,0,0,1,1,0,0,1,0,0,0,0,0,0,0,0,0,0,,
393,5586011035,1,0,0,0,1,591495,420068,171427,0,0,0,29,7263,2014,0,0,0,0,0,1990,1990,69261,1328,0,0,47,0,0,0.0,0,0,2,2,0,0,0,0,0,1,1,0,0,1,0,0,0,0,0,0,0,0,0,0,,
394,5586011039,1,0,1,1,1,596106,357664,238442,0,0,0,40,7326,2014,0,0,0,0,0,1990,1990,69261,1459,0,0,47,0,0,0.0,0,0,2,2,0,0,0,0,0,1,1,0,0,0,0,0,0,0,1,0,0,0,0,0,,
395,5576001027,0,0,1,1,1,398687,275457,123230,0,0,0,31,4943,2014,0,385000,0,0,0,1965,1968,18020,1190,0,1,40,1,1,1.0,1,0,2,2,0,0,0,0,0,1,1,0,0,1,0,0,0,0,0,0,0,0,0,0,,
396,5576001038,0,0,0,0,1,497064,332412,164652,0,1,1,33,6041,2014,0,480000,0,0,0,1965,1968,18020,1328,0,0,40,0,0,0.0,0,0,2,2,0,0,0,0,0,1,1,0,0,1,0,0,0,0,0,0,0,0,0,0,,
397,5576001042,0,0,0,0,1,346909,243354,103555,0,1,1,30,4227,2014,0,335000,0,0,0,1965,1968,18020,928,0,0,40,0,0,0.0,0,0,1,2,0,0,0,0,0,1,1,0,0,1,0,0,0,0,0,0,0,0,0,0,,
398,5576001064,0,0,1,0,0,205625,88310,117315,0,0,0,57,2622,2014,0,0,0,0,0,1965,1968,18020,879,0,1,40,1,1,0.0,1,0,1,1,0,0,0,0,0,1,1,0,0,1,0,0,0,0,0,0,0,0,0,0,,
399,5586014073,0,0,0,0,1,575651,408766,166885,0,0,0,29,7042,2014,0,545000,0,0,0,1982,1982,10709,1056,0,0,1,0,0,0.0,0,0,2,3,0,0,0,0,0,1,1,0,0,1,0,0,0,0,0,0,0,0,0,0,,
400,5579007036,0,0,1,0,0,632400,448800,183600,0,0,0,29,7708,2015,0,16545,0,0,0,1994,1994,11294,1760,0,0,9,0,0,0.0,0,0,3,4,0,0,0,0,0,1,1,0,0,0,0,0,0,0,0,0,0,0,1,0,,
401,5577007122,0,0,1,0,0,333540,168300,165240,0,0,0,50,4160,2015,0,0,0,0,0,1981,1982,108134,812,0,0,79,0,0,0.0,0,0,1,1,0,0,0,0,0,1,1,0,1,1,0,0,0,0,0,0,0,0,0,0,,
402,5586011041,0,0,0,0,1,322641,55259,267382,0,1,1,83,3980,2015,0,0,0,0,0,1990,1990,69261,1464,0,0,47,0,0,0.0,0,0,2,2,0,0,0,0,0,1,1,0,0,0,0,0,0,0,1,0,0,0,0,0,1.0,0.0
403,5586011049,0,0,0,0,1,554525,332715,221810,0,1,1,40,6740,2015,0,0,0,0,0,1990,1990,69261,1347,0,0,47,0,0,0.0,0,0,2,2,0,0,0,0,0,1,1,0,1,0,0,0,0,0,0,0,0,1,0,0,,
404,5586011055,0,0,1,1,1,569554,398688,170866,0,0,0,30,7002,2015,0,550000,0,0,0,1990,1990,69261,1341,0,0,47,0,0,0.0,0,0,2,2,0,0,0,0,0,1,1,0,0,1,0,0,0,0,0,0,0,0,0,0,,
405,5586011060,0,0,0,0,1,189429,48543,140886,0,1,1,74,2361,2015,0,0,0,0,0,1990,1990,69261,1238,0,0,47,0,0,0.0,0,0,2,2,0,0,0,0,0,1,1,0,0,0,0,0,0,0,0,0,0,1,0,0,0.0,0.0
406,5585021022,0,0,0,0,1,578340,411060,167280,0,0,0,29,7110,2015,0,567000,0,0,0,1984,1988,10440,1094,0,0,12,0,0,0.0,0,0,2,3,0,0,0,0,0,1,1,0,0,1,0,0,0,0,0,0,0,0,0,0,,
407,5585021025,1,0,1,0,1,437833,292336,145497,0,1,1,33,5343,2015,0,0,0,0,0,1984,1988,10440,981,0,0,12,0,0,0.0,0,0,2,3,0,0,0,0,0,1,1,0,0,0,0,0,0,0,0,0,0,1,0,0,,
408,5586014041,1,0,1,0,1,164071,57377,106694,0,0,0,65,2116,2015,0,0,0,0,0,1965,1965,15908,1067,0,1,24,1,1,1.0,1,0,2,2,0,0,0,0,0,1,1,0,0,0,0,0,0,0,1,0,0,0,0,0,,
409,5586014048,1,0,0,0,0,285428,110250,175178,0,1,1,61,3463,2015,0,0,0,0,0,1966,1966,15908,765,0,0,24,0,0,0.0,0,0,1,1,0,0,0,0,0,1,1,0,0,1,0,0,0,0,0,0,0,0,0,0,,
410,5579019034,0,0,1,0,1,530000,370000,160000,0,0,0,30,6557,2017,0,0,0,0,0,1981,1981,7374,1422,0,0,5,0,0,0.0,0,0,2,3,0,0,0,0,0,1,1,0,1,0,0,0,0,0,1,0,0,0,0,0,1.0,1.0
411,5577007110,1,0,0,0,1,253292,128174,125118,0,0,0,49,3221,2016,0,0,0,0,0,1981,1982,108134,1129,0,0,79,0,0,0.0,0,0,2,2,0,0,0,0,0,1,1,0,0,0,0,0,0,0,1,0,0,0,0,0,,
412,5577007161,0,0,1,0,0,367684,225911,141773,0,0,0,39,4598,2016,0,0,0,0,0,1981,1982,108134,1348,0,0,79,0,0,0.0,0,0,2,2,0,0,0,0,0,1,1,0,0,0,0,0,0,0,1,0,0,0,0,0,1.0,0.0
413,5586008036,1,0,1,0,1,621180,433500,187680,0,0,0,30,7595,2016,0,609000,0,0,0,2006,2006,17951,1330,0,0,21,0,0,0.0,0,0,2,3,0,0,0,0,0,1,1,0,0,1,0,0,0,0,0,0,0,0,0,0,,
414,5586011047,0,0,0,0,1,688000,480000,208000,0,0,0,30,8331,2016,0,688000,0,0,0,1990,1990,69261,1337,0,0,47,0,0,0.0,0,0,2,2,0,0,0,0,0,1,1,0,0,1,0,0,0,0,0,0,0,0,0,0,,
415,5586011053,0,0,0,0,0,663147,530519,132628,0,0,0,20,8124,2016,0,0,0,0,0,1990,1990,69261,1439,0,0,47,0,0,0.0,0,0,2,2,0,0,0,0,0,1,1,0,1,1,0,0,0,0,0,0,0,0,0,0,1.0,1.0
416,5586011065,0,0,0,0,0,622200,433500,188700,0,0,0,30,8245,2016,0,0,0,0,0,1990,1990,69261,1434,0,0,47,0,0,0.0,0,0,2,2,0,0,0,0,0,1,1,0,1,0,0,0,0,0,1,0,0,0,0,0,1.0,1.0
417,5586011073,1,0,1,0,0,308750,56451,252299,0,0,0,82,3896,2016,0,0,0,0,0,1990,1990,69261,1434,0,0,47,0,0,0.0,0,0,2,2,0,0,0,0,0,1,1,0,1,0,0,0,0,0,0,0,0,1,0,0,,
418,5586011075,0,0,1,0,1,850000,420000,430000,0,0,0,51,10352,2016,0,850000,0,0,0,1990,1990,69261,1423,0,0,47,0,0,0.0,0,0,2,2,0,0,0,0,0,1,1,0,0,1,0,0,0,0,0,0,0,0,0,0,,
419,5576001049,0,0,0,0,1,672180,468180,204000,0,1,1,30,8156,2016,0,0,0,0,0,1965,1968,18020,1768,0,1,40,0,0,0.0,1,0,2,2,0,0,0,0,0,1,1,0,1,0,1,0,0,0,0,0,0,0,0,0,,
420,5579007029,0,1,1,0,1,640000,448000,192000,0,0,0,30,7811,2017,0,730000,0,0,0,1994,1994,11294,1970,0,0,9,0,0,0.0,0,0,3,4,0,0,0,0,0,1,1,0,1,1,0,0,0,0,0,0,0,0,0,0,,
421,5577007119,0,0,1,0,1,234426,93766,140660,0,0,0,60,2912,2017,0,0,0,0,0,1981,1982,108134,1129,0,0,79,0,0,0.0,0,0,2,2,0,0,0,0,0,1,1,0,0,0,0,0,0,0,0,0,0,1,0,0,,
422,5577007135,0,0,1,0,1,413185,238177,175008,0,0,0,42,5112,2017,0,0,0,0,0,1981,1982,108134,1129,0,0,79,0,0,0.0,0,0,2,2,0,0,0,0,0,1,1,0,0,0,0,0,0,0,0,0,0,1,0,0,,
423,5577007144,0,0,0,0,1,341744,211040,130704,0,0,0,38,4174,2017,0,412000,0,0,0,1981,1982,107795,812,0,0,79,0,0,0.0,0,0,1,1,0,0,0,0,0,1,1,0,1,1,0,0,0,0,0,0,0,0,0,0,,
424,5577007146,0,0,1,0,0,232991,89284,143707,0,0,0,62,2991,2017,0,0,0,0,0,1981,1982,108134,1348,0,0,79,0,0,0.0,0,0,2,2,0,0,0,0,0,1,1,0,0,0,0,0,0,0,0,0,0,1,0,0,,
425,5577007151,0,0,0,0,1,367200,255000,112200,0,0,0,31,4545,2017,0,365000,0,0,0,1981,1982,108134,812,0,0,79,0,0,0.0,0,0,1,1,0,0,0,0,0,1,1,0,1,1,0,0,0,0,0,0,0,0,0,0,1.0,1.0
426,5577007154,0,0,1,0,0,479000,361000,118000,0,1,1,25,5831,2017,0,0,0,0,0,1981,1982,108134,1151,0,0,79,0,0,0.0,0,0,2,2,0,0,0,0,0,1,1,0,0,0,0,0,1,0,0,0,0,0,0,0,,
427,5586008038,0,1,0,0,1,693100,513500,179600,0,0,0,26,8460,2017,0,0,0,0,0,2006,2006,17951,1440,0,0,21,0,0,0.0,0,0,3,3,0,0,0,0,0,1,1,0,1,1,0,0,0,0,0,0,0,0,0,0,,
428,5586011034,0,0,1,0,1,293995,150643,143352,0,0,0,49,3721,2017,0,0,0,0,0,1990,1990,69261,1456,0,0,47,0,0,0.0,0,0,2,2,0,0,0,0,0,1,1,0,1,1,0,0,0,0,0,0,0,0,0,0,,
429,5586011043,0,0,0,0,1,189157,40026,149131,0,0,0,79,2389,2017,0,0,0,0,0,1990,1990,69261,1500,0,0,47,0,0,0.0,0,0,2,2,0,0,0,0,0,1,1,0,0,0,0,0,0,0,0,0,0,1,0,0,,
430,5586011068,0,0,0,0,0,498686,286479,212207,0,0,0,43,6072,2017,0,0,0,0,0,1990,1990,69261,1328,0,0,47,0,0,0.0,0,0,2,2,0,0,0,0,0,1,1,0,0,1,0,0,0,0,0,0,0,0,0,0,,
431,5586011069,0,0,1,1,1,344050,194746,149304,0,0,0,43,4306,2017,0,675100,0,0,0,1990,1990,69261,1238,0,0,47,0,0,0.0,0,0,2,2,0,0,0,0,0,1,1,0,0,1,0,0,0,0,0,0,0,0,0,0,,
432,5586011071,0,0,0,0,0,280067,46296,233771,0,0,0,83,3549,2017,0,0,0,0,0,1990,1990,69261,1347,0,0,47,0,0,0.0,0,0,2,2,0,0,0,0,0,1,1,0,0,0,0,0,1,0,0,0,0,0,0,0,,
433,5586014117,0,0,0,0,1,373578,208109,165469,0,0,0,44,4663,2017,0,0,0,0,0,1990,1990,26353,1573,0,0,18,0,0,0.0,0,0,3,3,0,0,0,0,0,1,1,0,0,0,0,0,0,0,1,0,0,0,0,0,1.0,0.0
434,5576001045,0,0,0,0,1,411000,313000,98000,0,0,0,24,4987,2017,0,426500,0,0,0,1965,1968,18020,853,0,0,40,0,0,0.0,0,0,1,1,0,0,0,0,0,1,1,0,1,1,0,0,0,0,0,0,0,0,0,0,1.0,1.0
435,5579019035,0,0,0,0,1,283092,84919,198173,0,0,0,70,3577,2017,0,0,0,0,0,1981,1981,7374,1945,0,1,5,0,0,2.0,0,0,4,2,0,0,0,0,0,1,1,0,0,0,0,0,0,0,1,0,0,0,0,0,,
436,5577007105,0,0,0,0,0,171917,41728,130189,0,1,1,76,2132,1981,0,0,0,0,0,1981,1982,108134,812,0,0,79,0,0,0.0,0,0,1,1,0,0,0,0,0,1,1,0,1,0,0,0,0,0,0,0,0,0,0,0,,
437,5577007142,0,0,0,0,0,275832,89728,186104,0,1,1,67,3419,1981,0,0,0,0,0,1981,1982,108134,1348,0,0,79,0,0,0.0,0,0,2,2,0,0,0,0,0,1,1,0,0,0,0,0,0,0,0,0,0,0,0,0,,
438,5579039018,0,0,0,0,0,131234,52489,78745,0,0,0,60,1779,1985,0,75000,0,0,0,1980,1980,7171,985,0,0,4,0,0,0.0,0,0,2,2,0,0,0,0,0,1,1,0,0,0,0,0,1,0,0,0,0,0,0,0,,
439,5579019033,0,0,1,1,0,214456,64327,150129,0,1,1,70,2692,1986,0,125000,0,0,0,1981,1981,7374,1422,0,0,5,0,0,0.0,0,0,2,3,0,0,0,0,0,1,1,0,0,0,0,0,0,0,0,0,0,0,0,0,,
440,5579018038,0,0,0,0,0,222620,77496,145124,0,0,0,65,2867,1987,0,135000,0,0,0,1983,1983,11788,1247,0,0,14,0,0,0.0,0,0,2,2,0,0,0,0,0,1,1,0,0,0,0,0,0,0,0,0,0,0,0,0,,
441,5586009019,0,0,0,0,0,151369,48770,102599,0,1,1,68,1919,1987,0,90000,0,0,0,1982,1982,7900,1004,0,0,6,0,0,0.0,0,0,2,2,0,0,0,0,0,1,1,0,0,0,0,0,0,0,0,0,0,0,0,0,0.0,0.0
442,5586014038,0,0,1,0,0,129324,38790,90534,0,0,0,70,1685,1988,0,80000,0,0,0,1965,1965,15908,784,0,0,24,0,0,0.0,0,0,1,1,0,0,0,0,0,1,1,0,0,0,0,0,0,0,0,0,0,0,0,0,,
443,5577007111,0,0,0,0,0,181810,57492,124318,0,1,1,68,2266,1990,0,117000,0,0,0,1981,1982,108134,812,0,0,79,0,0,0.0,0,0,2,2,0,0,0,0,0,1,1,0,0,1,0,0,0,0,0,0,0,0,0,0,,
444,5577007120,0,0,0,0,0,266515,91217,175298,0,1,1,66,3295,1990,0,171500,0,0,0,1981,1982,108134,1129,0,0,79,0,0,0.0,0,0,2,2,0,0,0,0,0,1,1,0,1,1,0,0,0,0,0,0,0,0,0,0,,
445,5586009020,0,0,0,0,0,211597,67038,144559,0,1,1,68,2637,1990,0,134000,0,0,0,1982,1982,7900,987,0,0,6,0,0,0.0,0,0,2,2,0,0,0,0,0,1,1,0,0,0,0,0,0,0,0,0,0,0,0,0,,
446,5586014037,0,0,0,0,0,61845,23210,38635,0,1,1,62,816,1991,0,0,0,0,0,1965,1965,15908,1130,0,0,24,0,0,0.0,0,0,2,2,0,0,0,0,0,1,1,0,1,0,0,0,0,0,0,0,0,0,0,0,,
447,5586011072,1,0,1,0,0,298736,50925,247811,0,1,1,83,3670,1992,0,200000,0,0,0,1990,1990,69261,1323,0,0,47,0,0,0.0,0,0,2,2,0,0,0,0,0,1,1,0,0,0,0,0,0,0,0,0,0,0,0,0,,
448,5586011058,0,0,0,0,0,328616,56005,272611,0,1,1,83,4050,1993,0,220000,0,0,0,1990,1990,69261,1445,0,0,47,0,0,0.0,0,0,2,2,0,0,0,0,0,1,1,0,0,0,0,0,0,0,0,0,0,0,0,0,0.0,0.0
449,5577007095,1,0,1,0,0,205755,91042,114713,0,0,0,56,2635,1994,0,0,0,0,0,1981,1982,108134,812,0,0,79,0,0,0.0,0,0,1,1,0,0,0,0,0,1,1,0,0,0,0,0,0,0,0,0,0,0,0,0,0.0,0.0
450,5577007143,1,0,1,0,0,294224,147112,147112,0,0,0,50,3722,1994,0,0,0,0,0,1981,1982,108134,1348,0,0,79,0,0,0.0,0,0,2,2,0,0,0,0,0,1,1,0,0,0,0,0,0,0,0,0,0,0,0,0,,
451,5576001054,0,0,0,0,0,231153,84730,146423,0,1,1,63,2869,1995,0,0,0,0,0,1965,1968,18020,1328,0,0,40,0,0,0.0,0,0,2,2,0,0,0,0,0,1,1,0,0,1,0,0,0,0,0,0,0,0,0,0,,
452,5585021028,0,0,0,0,1,183820,54300,129520,0,1,1,70,2320,1997,0,131000,1,117900,0,1984,1988,10440,1108,0,0,12,0,0,0.0,0,0,2,3,0,0,0,0,0,1,1,0,0,1,0,0,0,0,0,0,0,0,0,0,0.0,0.0
453,5586014121,0,0,0,0,1,303917,144933,158984,0,1,1,52,3747,1998,0,225000,1,180000,0,1990,1990,26353,1537,0,0,18,0,0,0.0,0,0,3,3,0,0,0,0,0,1,1,0,1,1,0,0,0,0,0,0,0,0,0,0,0.0,1.0
454,5577007134,0,0,0,0,1,208564,89384,119180,0,0,0,57,2688,1999,0,157500,1,126000,0,1981,1982,108134,1151,0,0,79,0,0,0.0,0,0,2,2,0,0,0,0,0,1,1,0,0,1,0,0,0,0,0,0,0,0,0,0,0.0,0.0
455,5577007163,0,0,0,0,1,143009,49918,93091,0,0,0,65,1887,1999,0,108000,1,86400,0,1981,1982,108134,812,0,0,79,0,0,0.0,0,0,1,1,0,0,0,0,0,1,1,0,0,1,0,0,0,0,0,0,0,0,0,0,0.0,0.0
456,5576001053,0,0,0,0,0,221860,99891,121969,0,1,1,55,2731,0,0,0,0,0,0,1965,1968,18020,853,0,0,40,0,0,0.0,0,0,1,1,0,0,0,0,0,1,1,0,0,0,0,0,0,0,0,0,0,0,0,0,,
457,5579019032,1,0,1,0,0,485953,281068,204885,0,0,0,42,6033,0,0,0,0,0,0,1981,1981,7374,1456,0,0,5,0,0,0.0,0,0,2,3,0,0,0,0,0,1,1,0,1,0,0,0,0,0,0,0,0,0,0,0,1.0,1.0
458,5580002030,0,0,0,0,1,610262,366158,244104,0,1,1,40,7420,2008,0,550000,1,440000,1,1961,1963,27031,1166,0,1,2,0,0,2.0,1,0,2,2,0,0,0,1,0,1,1,0,0,1,0,0,0,0,0,0,0,0,0,0,,
459,5579019037,0,0,1,0,1,618182,309091,309091,0,0,0,50,7683,2017,0,830000,1,622500,1,2008,2008,5193,2707,0,0,1,0,0,0.0,0,0,4,4,0,0,0,0,0,1,1,0,0,1,0,0,0,0,0,0,0,0,0,0,,
460,5579019038,0,0,0,0,1,861900,510000,351900,0,0,0,41,10674,2017,0,860000,1,636150,1,2008,2008,5193,2707,0,0,1,0,0,0.0,0,0,4,4,0,0,0,0,0,1,1,0,0,1,0,0,0,0,0,0,0,0,0,0,,
461,5576017105,0,0,1,0,1,219406,76594,142812,0,0,0,65,2803,2001,0,169000,1,160000,1,1958,1960,41111,915,0,0,25,0,0,0.0,0,0,2,2,0,0,0,0,0,0,1,0,0,1,0,0,0,0,0,0,0,0,0,0,,
462,5576017089,0,0,0,0,1,176917,94314,82603,0,1,1,47,2206,2002,0,139000,1,111200,1,1958,1960,41111,815,0,0,25,0,0,0.0,0,0,1,1,0,0,0,0,0,0,1,0,0,1,0,0,0,0,0,0,0,0,0,0,,
463,5586014124,0,0,1,0,1,193417,119545,73872,0,0,0,38,2387,2002,0,155000,1,139500,1,1956,1958,9555,645,0,0,10,0,0,0.0,0,0,1,1,0,0,0,0,0,0,1,0,0,1,0,0,0,0,0,0,0,0,0,0,,
464,5576017093,0,0,0,0,1,519000,409000,110000,0,1,1,21,6303,2004,0,445000,1,445000,1,1958,1960,41111,1090,0,0,25,0,0,0.0,0,0,2,2,0,0,0,0,0,0,1,0,0,1,0,0,0,0,0,0,0,0,0,0,,
465,5576017097,0,0,1,1,1,445958,361996,83962,0,0,0,19,5504,2004,0,400000,1,320000,1,1958,1960,41111,894,0,0,25,0,0,0.0,0,0,2,2,0,0,0,0,0,0,1,0,0,1,0,0,0,0,0,0,0,0,0,0,,
466,5576017082,0,0,0,0,1,472685,345340,127345,0,1,1,27,5757,2009,0,425000,1,340000,1,1958,1960,41111,1192,0,0,25,0,0,0.0,0,0,2,1,0,0,0,0,0,0,1,0,1,1,0,0,0,0,0,0,0,0,0,0,,
467,5586014125,0,0,0,0,1,431618,321886,109732,0,0,0,25,5248,2009,0,389000,1,330650,1,1956,1958,9555,967,0,0,10,0,0,0.0,0,0,2,1,0,0,0,0,0,0,1,0,0,1,0,0,0,0,0,0,0,0,0,0,,
468,5576017104,0,0,0,0,1,452598,248377,204221,0,1,1,45,5504,2010,0,410000,1,328000,1,1958,1960,41111,964,0,0,25,0,0,0.0,0,0,2,2,0,0,0,0,0,0,1,0,0,1,0,0,0,0,0,0,0,0,0,0,0.0,0.0
469,5576017086,0,0,0,0,1,304090,178964,125126,0,1,1,41,3726,2011,0,260000,1,208000,1,1958,1960,41111,855,0,0,25,0,0,0.0,0,0,1,1,0,0,0,0,0,0,1,0,0,1,0,0,0,0,0,0,0,0,0,0,,
470,5580002021,0,0,0,0,1,416667,292642,124025,0,1,1,30,5099,2012,0,385000,1,308000,1,1961,1961,27031,1239,0,0,8,0,0,0.0,0,0,2,2,0,0,0,0,0,0,1,0,0,1,0,0,0,0,0,0,0,0,0,0,,
471,5586014091,0,0,0,0,1,185677,148543,37134,0,1,1,20,2262,2012,0,175000,1,131250,1,1958,1960,7646,590,0,0,12,0,0,0.0,0,0,1,1,0,0,0,0,0,0,1,0,0,1,0,0,0,0,0,0,0,0,0,0,,
472,5586014087,0,0,1,1,1,323614,212207,111407,0,0,0,34,4006,2012,0,305000,1,200000,1,1958,1960,7646,840,0,0,12,0,0,0.0,0,0,2,1,0,0,0,0,0,0,1,0,0,1,0,0,0,0,0,0,0,0,0,0,0.0,0.0
473,5586014126,0,0,0,0,1,448902,359122,89780,0,1,1,20,5369,2013,0,425000,1,335200,1,1956,1956,9555,943,0,0,10,0,0,0.0,0,0,2,1,0,0,0,0,0,0,1,0,0,1,0,0,0,0,0,0,0,0,0,0,,
474,5586014127,1,0,0,0,1,465793,372423,93370,0,1,1,20,5573,2013,0,439000,1,417000,1,1956,1958,9555,988,0,0,10,0,0,0.0,0,0,2,1,0,0,0,0,0,0,1,0,1,1,0,0,0,0,0,0,0,0,0,0,,
475,5576017103,0,0,0,0,1,433058,335884,97174,0,0,0,22,5268,2014,0,410000,1,328000,1,1958,1960,41111,915,0,0,25,0,0,0.0,0,0,2,2,0,0,0,0,0,0,1,0,0,1,0,0,0,0,0,0,0,0,0,0,,
476,5576017085,0,0,0,0,1,343802,221608,122194,0,0,0,36,4279,2014,0,332000,1,265600,1,1958,1960,41111,787,0,0,25,0,0,0.0,0,0,1,1,0,0,0,0,0,0,1,0,0,1,0,0,0,0,0,0,0,0,0,0,,
477,5576017090,0,0,0,0,1,348559,247160,101399,0,0,0,29,4262,2014,0,330000,1,292500,1,1958,1960,41111,960,0,0,25,0,0,0.0,0,0,1,1,0,0,0,0,0,0,1,0,0,1,0,0,0,0,0,0,0,0,0,0,,
478,5586014085,0,0,1,0,1,269340,194348,74992,0,0,0,28,3344,2014,0,255000,1,191250,1,1958,1960,7646,590,0,0,12,0,0,0.0,0,0,1,1,0,0,0,0,0,0,1,0,0,1,0,0,0,0,0,0,0,0,0,0,,
479,5580002022,0,0,0,0,1,503880,353940,149940,0,1,1,30,6140,2015,0,494000,1,370500,1,1961,1961,27031,979,0,0,8,0,0,0.0,0,0,2,2,0,0,0,0,0,0,1,0,0,1,0,0,0,0,0,0,0,0,0,0,1.0,0.0
480,5586014123,0,0,0,0,1,413100,310080,103020,0,1,1,25,4926,2015,0,405000,1,304000,1,1956,1958,9555,674,0,0,10,0,0,0.0,0,0,1,1,0,0,0,0,0,0,1,0,0,1,0,0,0,0,0,0,0,0,0,0,,
481,5586014086,1,0,1,0,1,99436,26404,73032,0,0,0,73,1315,2015,0,0,1,100000,1,1958,1960,7646,550,0,0,12,0,0,0.0,0,0,1,1,0,0,0,0,0,0,1,0,0,0,1,0,0,0,0,0,0,0,0,0,,
482,5580002023,0,0,0,0,1,498117,391802,106315,0,0,0,21,6153,2016,0,0,1,356000,1,1961,1969,27031,939,0,0,8,0,0,0.0,0,0,2,2,0,0,0,0,0,0,1,0,1,1,0,0,0,0,0,0,0,0,0,0,1.0,1.0
483,5580002026,0,0,0,0,1,555900,387600,168300,0,1,1,30,6760,2016,0,545000,1,490500,1,1961,1961,27031,952,0,0,8,0,0,0.0,0,0,2,2,0,0,0,0,0,0,1,0,0,1,0,0,0,0,0,0,0,0,0,0,,
484,5576017101,1,0,0,0,1,461723,299498,162225,0,1,1,35,5630,2016,0,0,1,246500,1,1958,1960,41111,1271,0,0,25,0,0,0.0,0,0,2,2,0,0,0,0,0,0,1,0,0,1,0,0,0,0,0,0,0,0,0,0,,
485,5586014130,0,0,0,0,1,437580,328068,109512,0,1,1,25,5237,2016,0,0,1,323000,1,1956,1958,9555,1002,0,0,10,0,0,0.0,0,0,2,1,0,0,0,0,0,0,1,0,0,1,0,0,0,0,0,0,0,0,0,0,,
486,5586008028,0,0,1,0,1,553673,272176,281497,0,0,0,51,6739,2017,0,727000,1,545250,1,1981,1981,9017,1594,0,0,6,0,0,0.0,0,0,3,3,0,0,0,0,0,0,1,0,0,1,0,0,0,0,0,0,0,0,0,0,,
487,5580002029,0,0,1,0,1,135065,60781,74284,0,0,0,55,1835,2017,0,0,1,300000,1,1961,1961,27031,1166,0,0,2,0,0,0.0,0,0,2,2,0,0,0,0,0,0,1,0,0,0,0,0,0,0,1,0,0,0,0,0,0.0,0.0
488,5580002027,0,1,1,0,1,124438,27486,96952,0,0,0,78,1695,2017,0,382500,1,200000,1,1961,1961,27031,939,0,0,8,0,0,0.0,0,0,2,2,0,0,0,0,0,0,1,0,1,1,0,0,0,0,0,0,0,0,0,0,,
489,5576017100,0,0,0,0,1,447800,379400,68400,0,0,0,15,5526,2017,0,593000,1,474400,1,1958,1960,41111,894,0,0,25,0,0,0.0,0,0,2,2,0,0,0,0,0,0,1,0,1,1,0,0,0,0,0,0,0,0,0,0,,
490,5576017102,0,0,0,0,1,523000,418000,105000,0,0,0,20,6344,2017,0,572000,1,424000,1,1958,1960,41111,964,0,0,25,0,0,0.0,0,0,2,2,0,0,0,0,0,0,1,0,0,1,0,0,0,0,0,0,0,0,0,0,,
491,5576017084,0,0,0,0,1,42552,13598,28954,0,0,0,68,606,2017,0,362500,1,344375,1,1958,1960,41111,855,0,0,25,0,0,0.0,0,0,1,1,0,0,0,0,0,0,1,0,0,1,0,0,0,0,0,0,0,0,0,0,,
492,5586014122,0,0,0,0,1,159100,93806,65294,0,0,0,41,1896,2017,0,456000,1,378000,1,1956,1958,9555,669,0,0,10,0,0,0.0,0,0,1,1,0,0,0,0,0,0,1,0,0,1,0,0,0,0,0,0,0,0,0,0,,
493,5576017091,0,0,1,0,1,155328,61320,94008,0,1,1,61,1965,1998,0,115000,1,92000,1,1958,1960,41111,1090,0,0,25,0,0,0.0,0,0,2,2,0,0,0,0,0,0,1,0,0,1,0,0,0,0,0,0,0,0,0,0,0.0,0.0
494,5586014129,0,0,0,0,1,91837,13499,78338,0,0,0,85,1175,1998,0,0,1,61200,1,1956,1958,9555,638,0,0,10,0,0,0.0,0,0,1,1,0,0,0,0,0,0,1,0,1,0,0,0,0,0,1,0,0,0,0,0,,
495,5586014082,0,0,0,0,1,54604,16368,38236,0,1,1,70,697,2009,1,0,0,0,0,1958,1960,7646,560,0,0,12,0,0,0.0,0,0,1,1,0,0,0,0,0,0,1,0,0,1,0,0,0,0,0,0,0,0,0,0,,
496,5586014092,0,0,0,0,1,223127,153071,70056,0,0,0,31,2790,2009,1,0,0,0,0,1958,1960,7646,550,0,0,12,0,0,0.0,0,0,1,1,0,0,0,0,0,0,1,0,0,1,0,0,0,0,0,0,0,0,0,0,,
497,5586014084,0,0,1,0,1,88272,25960,62312,0,0,0,71,1184,2009,1,0,0,0,0,1958,1960,7646,590,0,0,12,0,0,0.0,0,0,1,1,0,0,0,0,0,0,1,0,0,1,0,0,0,0,0,0,0,0,0,0,0.0,0.0
498,5576017092,0,0,1,0,1,110693,22131,88562,0,0,0,80,1510,2006,0,0,0,0,0,1958,1960,41111,1000,0,0,25,0,0,0.0,0,0,2,2,0,0,0,0,0,0,1,0,0,0,0,0,1,0,0,0,0,0,0,0,,
499,5586014083,0,0,0,0,1,250242,200196,50046,0,0,0,20,3114,2009,0,225000,0,0,0,1958,1960,7646,550,0,0,12,0,0,0.0,0,0,1,1,0,0,0,0,0,0,1,0,1,1,0,0,0,0,0,0,0,0,0,0,,
500,5586014090,0,0,0,0,1,240231,166829,73402,0,1,1,31,2913,2010,0,0,0,0,0,1958,1960,7646,590,0,0,12,0,0,0.0,0,0,1,1,0,0,0,0,0,0,1,0,0,1,0,0,0,0,0,0,0,0,0,0,,
501,5576017095,1,0,0,0,1,213196,124482,88714,0,1,1,42,2659,2011,0,0,0,0,0,1958,1960,41111,1153,0,0,25,0,0,0.0,0,0,2,2,0,0,0,0,0,0,1,0,0,1,0,0,0,0,0,0,0,0,0,0,0.0,0.0
502,5576017096,1,0,0,0,0,234986,144759,90227,0,0,0,38,3002,2011,0,130000,0,0,0,1958,1960,41111,1153,0,0,25,0,0,0.0,0,0,2,2,0,0,0,0,0,0,1,0,0,1,0,0,0,0,0,0,0,0,0,0,,
503,5576017098,1,0,1,0,1,411255,216451,194804,0,0,0,47,5090,2011,0,380000,0,0,0,1958,1960,41111,894,0,0,25,0,0,0.0,0,0,2,2,0,0,0,0,0,0,1,0,0,1,0,0,0,0,0,0,0,0,0,0,,
504,5580002024,0,0,0,0,1,358628,178253,180375,0,0,0,50,4392,2013,0,337500,0,0,0,1961,1961,27031,710,0,0,8,0,0,0.0,0,0,1,1,0,0,0,0,0,0,1,0,0,1,0,0,0,0,0,0,0,0,0,0,,
505,5576017099,0,0,1,0,1,343277,237548,105729,0,0,0,31,4279,2013,0,325000,0,0,0,1958,1960,41111,894,0,0,25,0,0,0.0,0,0,2,2,0,0,0,0,0,0,1,0,1,1,0,0,0,0,0,0,0,0,0,0,,
506,5586014131,0,1,1,0,1,483758,364404,119354,0,0,0,25,5868,2014,0,457500,0,0,0,1956,1958,9555,943,0,0,10,0,0,0.0,0,0,2,1,0,0,0,0,0,0,1,0,0,1,0,0,0,0,0,0,0,0,0,0,,
507,5580002028,1,0,1,0,0,98933,21758,77175,0,0,0,78,1376,2015,0,0,0,0,0,1961,1961,27031,683,0,0,8,0,0,0.0,0,0,1,1,0,0,0,0,0,0,1,0,0,0,0,0,0,0,1,0,0,0,0,0,,
508,5586014093,0,0,0,0,1,459465,211248,248217,0,0,0,54,5626,2015,0,0,0,0,0,1958,1960,7646,840,0,0,12,0,0,0.0,0,0,2,1,0,0,0,0,0,0,1,0,1,1,0,0,0,0,0,0,0,0,0,0,1.0,1.0
509,5576017094,0,0,0,0,1,292473,177589,114884,0,0,0,39,3679,2016,0,0,0,0,0,1958,1960,41111,1000,0,0,25,0,0,0.0,0,0,2,2,0,0,0,0,0,0,1,0,0,0,0,0,0,0,1,0,0,0,0,0,,
510,5586014089,0,0,1,0,1,63132,12621,50511,0,0,0,80,883,2017,0,327500,0,0,0,1958,1960,7646,570,0,0,12,0,0,0.0,0,0,1,1,0,0,0,0,0,0,1,0,0,1,0,0,0,0,0,0,0,0,0,0,,
511,5576017087,0,0,0,0,0,39181,12520,26661,0,1,1,68,562,1992,0,0,0,0,0,1958,1960,41111,787,0,0,25,0,0,0.0,0,0,1,1,0,0,0,0,0,0,1,0,0,1,0,0,0,0,0,0,0,0,0,0,,
512,5580002025,0,0,1,1,0,49631,10909,38722,0,0,0,78,800,1994,0,0,0,0,0,1961,1961,27031,1190,0,0,8,0,0,0.0,0,0,2,2,0,0,0,0,0,0,1,0,0,0,0,0,0,0,0,0,0,0,0,0,,
513,5586014088,0,0,1,0,0,63132,12621,50511,0,0,0,80,882,1996,0,0,0,0,0,1958,1960,7646,560,0,0,12,0,0,0.0,0,0,1,1,0,0,0,0,0,0,1,0,0,0,0,0,0,0,0,0,0,0,0,0,,
514,5586014128,0,0,0,0,1,61890,10996,50894,0,0,0,82,820,1997,0,45000,0,0,0,1956,1958,9555,674,0,0,10,0,0,0.0,0,0,1,1,0,0,0,0,0,0,1,0,0,1,0,0,0,0,0,0,0,0,0,0,,
515,5576017088,1,0,0,0,0,47799,15272,32527,0,1,1,68,674,1998,0,0,0,0,0,1958,1960,41111,960,0,0,25,0,0,0.0,0,0,1,1,0,0,0,0,0,0,1,0,0,0,0,0,0,0,1,0,0,0,0,0,,
516,5576017083,0,0,0,0,0,127118,45150,81968,0,1,1,64,1611,1999,0,96000,0,0,0,1958,1960,41111,787,0,0,25,0,0,0.0,0,0,1,1,0,0,0,0,0,0,1,0,0,0,0,0,0,0,0,0,0,0,0,0,,
