,PARCEL,Owned by Trust?,Owned by Business?,MAIL DIFFERENT FROM SITE?,MAIL OUTSIDE CA?,TITLECO1,ASSDTOTAL,ASSDLAND,ASSDSTCT,ASSDOTHR,EXEMPTCD,EXMPTAMT,PCNTIMPD,TAXAMT,DOCDATE_YEAR,MULTIPARCEL,PRICE,LENDER1,LOANAMOUT1,LOANTYPE1,YEARBLT,EFFYRBLT,LOTSQFT,TOTALSF,GRGTYPE,BLDGMAT,TOTUNITS,QUALCLAS,BLDGCOND,NOSTORY,ROOFMAT,FOUNDATN,BEDROOMS,BATHROOMS,FAMILYRM,DININGRM,POOL,PATIO,FIREPLCE,AIRMTHOD,HEATMTHD,VIEW,Did it sell?,Prediction,Actual
0,5588026045,0,0,1,0,1,205126,75168,129958,0,0,0,0,2522,2000,0,158000,1,126400,1,1966,1966,93226,777,0,0,1,0,0,0.0,0,0,1,1,0,0,0,0,0,0,0,0,0,,
1,5588026048,1,0,1,0,1,364723,217939,146784,0,0,0,0,2275,2000,0,141000,1,100000,1,1966,1966,93226,992,0,0,1,0,0,0.0,0,0,1,1,0,0,0,0,0,0,0,0,0,,
2,5588026066,0,0,0,0,1,324573,95459,229114,0,0,0,0,3874,2000,0,255000,1,204000,1,1966,1966,93226,1067,0,0,1,0,0,0.0,0,0,1,2,0,0,0,0,0,0,0,0,0,,
3,5588026121,1,0,1,0,1,168774,33751,135023,0,0,0,0,2091,2000,0,130000,1,104000,1,1966,1966,93226,836,0,0,1,0,0,0.0,0,0,1,1,0,0,0,0,0,0,0,0,0,0.0,0.0
4,5588026137,0,0,1,0,1,202377,65166,137211,0,0,0,0,2491,2000,0,159000,1,151050,1,1966,1966,93226,836,0,0,1,0,0,0.0,0,0,1,1,0,0,0,0,0,0,0,0,1,,
5,5590005059,0,0,1,0,1,99272,24305,74967,0,0,0,0,1194,2000,0,78000,0,0,0,1961,1961,19250,876,0,0,1,0,0,0.0,0,0,1,1,0,0,0,0,0,0,0,0,0,,
6,5590006028,0,0,0,0,1,342560,220219,122341,0,0,0,0,4103,2000,0,207000,1,165000,1,1962,1962,8102,1296,0,0,1,0,0,0.0,0,0,2,2,0,0,0,0,0,0,0,0,0,,
7,5590007083,0,0,0,0,1,152733,50908,101825,0,0,0,0,1839,2000,0,47000,1,45590,1,1959,1959,10414,984,0,0,1,0,0,0.0,0,0,1,1,0,0,0,0,0,0,0,0,0,,
8,5590007087,0,0,1,0,1,168769,51925,116844,0,0,0,0,2100,2000,0,130000,1,104000,1,1957,1957,8758,1114,0,0,1,0,0,0.0,0,0,2,2,0,0,0,0,0,0,0,0,0,,
9,5590007092,0,0,1,0,1,145400,45174,100226,0,0,0,0,1821,2000,0,112000,1,89600,1,1957,1957,8758,1090,0,0,1,0,0,0.0,0,0,2,2,0,0,0,0,0,0,0,0,0,,
10,5591009060,0,0,0,0,1,520607,396117,124490,0,0,0,0,6289,2000,0,95000,1,66500,1,1963,1963,20250,1019,0,0,1,0,0,0.0,0,0,1,1,0,0,0,0,0,0,0,0,0,,
11,5430023032,0,0,0,0,1,318211,150620,167591,0,0,0,0,3912,2001,0,255000,1,200000,1,1992,1992,13606,1566,0,0,1,0,0,0.0,0,0,3,3,0,0,0,0,0,0,0,0,0,,
12,5434002018,0,0,0,0,1,316963,174706,142257,0,0,0,0,3798,2001,0,254000,1,203200,1,1976,1976,25051,1298,0,0,1,0,0,0.0,0,0,2,2,0,0,0,0,0,0,0,0,0,0.0,0.0
13,5434002029,1,0,1,0,1,392857,313854,79003,0,0,0,0,4792,2001,0,249000,1,174300,1,1976,1976,25051,1438,0,0,1,0,0,0.0,0,0,2,2,0,0,0,0,0,0,0,0,1,,
14,5588026065,0,0,0,0,1,287015,115803,171212,0,0,0,0,3427,2001,0,230000,1,130000,1,1966,1966,93226,1071,0,0,1,0,0,0.0,0,0,2,2,0,0,0,0,0,0,0,0,0,0.0,0.0
15,5588026069,0,0,0,0,1,216379,88969,127410,0,0,0,0,2572,2001,0,170000,1,136000,1,1966,1966,93226,777,0,0,1,0,0,0.0,0,0,1,1,0,0,0,0,0,0,0,0,0,,
16,5588026093,0,0,0,0,1,299495,174706,124789,0,0,0,0,3563,2001,0,240000,1,220000,1,1966,1966,93226,777,0,0,1,0,0,0.0,0,0,1,1,0,0,0,0,0,0,0,0,0,,
17,5588026099,0,0,0,0,1,292751,129572,163179,0,0,0,0,3492,2001,0,230000,1,172500,1,1966,1966,93226,1000,0,0,1,0,0,0.0,0,0,1,1,0,0,0,0,0,0,0,0,0,,
18,5588026108,0,0,0,0,1,260925,118878,142047,0,0,0,0,3107,2001,0,205000,1,164000,1,1966,1966,93226,871,0,0,1,0,0,0.0,0,0,1,1,0,0,0,0,0,0,0,0,0,,
19,5588026140,0,0,0,0,1,305481,203656,101825,0,0,0,0,3647,2001,0,240000,1,140400,1,1966,1966,93226,1076,0,0,1,0,0,0.0,0,0,1,2,0,0,0,0,0,0,0,0,0,,
20,5590005063,1,0,1,0,1,278350,179846,98504,0,0,0,0,3429,2001,0,177000,1,141600,1,1961,1961,19250,1273,0,0,1,0,0,0.0,0,0,2,2,0,0,0,0,0,0,0,0,0,,
21,5590012032,0,0,0,0,1,260803,139388,121415,0,0,0,0,3142,2001,0,209000,1,139000,1,1973,1973,15032,1290,0,0,1,0,0,0.0,0,0,2,3,0,0,0,0,0,0,0,0,0,,
22,5590013033,1,0,1,0,1,237095,116800,120295,0,0,0,0,2919,2001,0,190000,1,152000,1,1974,1974,15793,1143,0,0,1,0,0,0.0,0,0,2,2,0,0,0,0,0,0,0,0,0,,
23,5590013040,0,0,0,0,1,240839,120544,120295,0,0,0,0,2880,2001,0,193000,1,154400,1,1974,1974,15793,1143,0,0,1,0,0,0.0,0,0,2,2,0,0,0,0,0,0,0,0,0,,
24,5590013060,0,0,0,0,1,291479,140904,150575,0,0,0,0,3496,2001,0,229000,1,206100,1,1982,1982,12398,1452,0,0,1,0,0,0.0,0,0,2,2,0,0,0,0,0,0,0,0,0,,
25,5590014066,0,0,1,0,1,195741,110105,85636,0,0,0,0,2322,2001,0,145000,1,130500,1,1967,1967,16207,798,0,0,1,0,0,0.0,0,0,1,1,0,0,0,0,0,0,0,0,0,0.0,0.0
26,5592002063,0,0,1,0,1,152733,63001,89732,0,0,0,0,1903,2001,0,120000,1,116300,1,1959,1959,21231,674,0,0,1,0,0,0.0,0,0,1,1,0,0,0,0,0,0,0,0,0,,
27,5592002076,0,0,0,0,1,243333,103321,140012,0,0,0,0,2919,2001,0,195000,1,156000,1,1959,1959,21231,1120,0,0,1,0,0,0.0,0,0,2,2,0,0,0,0,0,0,0,0,0,,
28,5430023034,0,0,0,0,1,333187,161852,171335,0,0,0,0,4088,2002,0,267000,1,200250,1,1992,1992,13606,1506,0,0,1,0,0,0.0,0,0,3,3,0,0,0,0,0,0,0,0,1,,
29,5433001031,0,0,0,0,1,464907,139468,325439,0,0,0,0,5572,2002,0,380000,1,300000,1,1984,1984,11637,1486,0,0,1,0,0,0.0,0,0,3,3,0,0,0,0,0,0,0,0,0,,
30,5434007019,0,0,0,0,1,313805,206759,107046,0,0,0,0,3859,2002,0,256500,0,0,0,1972,1972,4810,1238,0,0,1,0,0,0.0,0,0,2,2,0,0,0,0,0,0,0,0,0,,
31,5588026042,0,0,1,0,1,351123,179354,171769,0,0,0,0,4274,2002,0,287000,1,200900,1,1966,1966,93226,1067,0,0,1,0,0,0.0,0,0,1,2,0,0,0,0,0,0,0,0,0,,
32,5588026100,0,0,1,0,1,324208,183882,140326,0,0,0,0,3945,2002,0,265000,0,0,0,1966,1966,93226,871,0,0,1,0,0,0.0,0,0,1,1,0,0,0,0,0,0,0,0,0,0.0,0.0
33,5588026104,0,0,0,0,1,360909,201131,159778,0,0,0,0,4304,2002,0,295000,1,236000,1,1966,1966,93226,992,0,0,1,0,0,0.0,0,0,1,1,0,0,0,0,0,0,0,0,0,,
34,5588026158,0,0,1,0,1,299493,156736,142757,0,0,0,0,3650,2002,0,240000,1,191000,1,1966,1966,93226,868,0,0,1,0,0,0.0,0,0,1,1,0,0,0,0,0,0,0,0,0,,
35,5588026172,0,0,0,0,1,336930,160477,176453,0,0,0,0,4022,2002,0,270000,0,0,0,1966,1966,93226,1076,0,0,1,0,0,0.0,0,0,1,2,0,0,0,0,0,0,0,0,0,,
36,5588026175,0,0,0,0,1,274530,145252,129278,0,0,0,0,3265,2002,0,220000,1,176000,1,1966,1966,93226,778,0,0,1,0,0,0.0,0,0,1,1,0,0,0,0,0,0,0,0,0,,
37,5588026193,0,0,0,0,1,280773,142508,138265,0,0,0,0,3342,2002,0,225000,1,60000,1,1966,1966,93226,836,0,0,1,0,0,0.0,0,0,1,1,0,0,0,0,0,0,0,0,0,,
38,5590004027,0,0,0,0,1,83599,31193,52406,0,0,0,0,1065,2002,0,67000,1,53600,1,1959,1959,9129,543,0,0,1,0,0,0.0,0,0,0,1,0,0,0,0,0,0,0,0,0,0.0,0.0
39,5590005042,0,0,0,0,1,201858,117690,84168,0,0,0,0,2492,2002,0,165000,1,132000,1,1958,1958,8075,871,0,0,1,0,0,0.0,0,0,2,1,0,0,0,0,0,0,0,0,0,0.0,0.0
40,5590005045,0,0,0,0,1,209640,110434,99206,0,0,0,0,2593,2002,0,168000,1,134400,1,1958,1958,8075,1069,0,0,1,0,0,0.0,0,0,2,1,0,0,0,0,0,0,0,0,0,0.0,0.0
41,5590005053,0,0,0,0,1,195738,118423,77315,0,0,0,0,2343,2002,0,160000,1,128000,1,1961,1961,19250,850,0,0,1,0,0,0.0,0,0,1,1,0,0,0,0,0,0,0,0,0,0.0,0.0
42,5590005056,0,0,0,0,1,276492,181312,95180,0,0,0,0,3331,2002,0,226000,1,160000,1,1961,1961,19250,1441,0,0,1,0,0,0.0,0,0,2,2,0,0,0,0,0,0,0,0,0,,
43,5590013034,0,0,0,0,1,64355,45744,18611,0,0,0,0,776,2002,0,255000,0,0,0,1974,1974,15793,1146,0,0,1,0,0,0.0,0,0,2,2,0,0,0,0,0,0,0,0,0,0.0,0.0
44,5590013055,0,0,0,0,1,396336,240203,156133,0,0,0,0,4823,2002,0,241000,1,192800,1,1982,1982,12398,1286,0,0,1,0,0,0.0,0,0,2,2,0,0,0,0,0,0,0,0,0,,
45,5590014052,0,0,1,1,1,198408,109811,88597,0,0,0,0,2355,2002,0,159000,1,143000,1,1967,1967,16207,842,0,0,1,0,0,0.0,0,0,1,1,0,0,0,0,0,0,0,0,0,,
46,5592002062,0,0,1,0,1,195737,97012,98725,0,0,0,0,2419,2002,0,160000,0,0,0,1959,1959,21231,740,0,0,1,0,0,0.0,0,0,1,1,0,0,0,0,0,0,0,0,0,0.0,0.0
47,5592002075,0,0,0,0,1,189624,78418,111206,0,0,0,0,2348,2002,0,155000,1,90000,1,1959,1959,21231,790,0,0,1,0,0,0.0,0,0,2,2,0,0,0,0,0,0,0,0,0,,
48,5592027033,0,0,1,0,1,316865,174337,142528,0,0,0,0,3901,2002,0,259000,1,160600,1,1978,1978,15400,1448,0,0,1,0,0,0.0,0,0,2,2,0,0,0,0,0,0,0,0,0,,
49,5430009026,0,0,1,0,1,702603,562087,140516,0,0,0,0,8555,2003,0,585000,1,468000,1,1949,1949,4881,1594,0,0,1,0,0,0.0,0,0,3,2,0,0,0,0,0,0,0,0,0,,
50,5433001030,0,0,0,0,1,348782,110359,238423,0,0,0,0,4188,2003,0,0,1,190000,1,1984,1984,11637,1486,0,0,1,0,0,0.0,0,0,3,3,0,0,0,0,0,0,0,0,1,0.0,1.0
51,5434002024,0,0,0,0,1,327174,168432,158742,0,0,0,0,4006,2003,0,340000,1,272000,1,1976,1976,25051,1354,0,0,1,0,0,0.0,0,0,2,2,0,0,0,0,0,0,0,0,0,0.0,0.0
52,5434002025,1,0,1,0,1,420357,250533,169824,0,0,0,0,5116,2003,0,350000,1,280000,1,1976,1976,25051,1354,0,0,1,0,0,0.0,0,0,2,2,0,0,0,0,0,0,0,0,0,,
53,5434002027,0,0,0,0,1,420356,251735,168621,0,0,0,0,5031,2003,0,350000,1,280000,1,1976,1976,25051,1298,0,0,1,0,0,0.0,0,0,2,2,0,0,0,0,0,0,0,0,0,,
54,5434002037,0,0,0,0,1,450380,267588,182792,0,0,0,0,5478,2003,0,375000,0,0,0,1976,1976,25051,1438,0,0,1,0,0,0.0,0,0,2,2,0,0,0,0,0,0,0,0,1,,
55,5588026067,0,0,0,0,1,415968,256923,159045,0,0,0,0,4961,2003,0,340000,0,0,0,1966,1966,93226,1000,0,0,1,0,0,0.0,0,0,1,1,0,0,0,0,0,0,0,0,1,,
56,5588026086,0,0,0,0,1,397615,238570,159045,0,0,0,0,4734,2003,0,325000,0,0,0,1966,1966,93226,812,0,0,1,0,0,0.0,0,0,1,1,0,0,0,0,0,0,0,0,0,,
57,5588026134,0,0,0,0,1,150737,30142,120595,0,0,0,0,1794,2003,0,0,1,73000,1,1966,1966,93226,868,0,0,1,0,0,0.0,0,0,1,1,0,0,0,0,0,0,0,0,0,,
58,5588026199,0,0,0,0,1,371110,242845,128265,0,0,0,0,4417,2003,0,309000,1,247200,1,1966,1966,93226,778,0,0,1,0,0,0.0,0,0,1,1,0,0,0,0,0,0,0,0,0,0.0,0.0
59,5590007091,0,0,0,0,1,344087,248370,95717,0,0,0,0,4103,2003,0,286500,1,229200,1,1957,1957,8758,1023,0,0,1,0,0,0.0,0,0,2,1,0,0,0,0,0,0,0,0,0,,
60,5590012034,0,0,0,0,1,432368,312268,120100,0,0,0,0,5182,2003,0,360000,1,288000,1,1973,1973,15032,1190,0,0,1,0,0,0.0,0,0,2,3,0,0,0,0,0,0,0,0,0,,
61,5434002011,0,0,0,0,1,390329,220867,169462,0,0,0,0,4673,2004,0,325000,0,0,0,1976,1976,25051,1298,0,0,1,0,0,0.0,0,0,2,2,0,0,0,0,0,0,0,0,0,,
62,5588026096,0,0,1,1,1,511035,312867,198168,0,0,0,0,6093,2004,0,425500,1,212750,1,1966,1966,93226,992,0,0,1,0,0,0.0,0,0,1,1,0,0,0,0,0,0,0,0,0,,
63,5588026114,0,0,0,0,1,816703,636550,180153,0,0,0,0,9772,2004,0,750000,1,600000,1,1966,1966,93226,1844,0,0,1,0,0,0.0,0,0,2,3,0,0,0,0,0,0,0,0,0,,
64,5588026120,1,0,0,0,1,480320,287103,193217,0,0,0,0,5802,2004,0,335000,1,268000,1,1966,1966,93226,777,0,0,1,0,0,0.0,0,0,1,1,0,0,0,0,0,0,0,0,0,0.0,0.0
65,5588026185,0,0,0,0,1,408342,267347,140995,0,0,0,0,4863,2004,0,340000,1,272000,1,1966,1966,93226,836,0,0,1,0,0,0.0,0,0,1,1,0,0,0,0,0,0,0,0,0,,
66,5588026202,0,0,0,0,1,540463,360310,180153,0,0,0,0,6528,2004,0,450000,1,300000,1,1966,1966,93226,996,0,0,1,0,0,0.0,0,0,1,1,0,0,0,0,0,0,0,0,0,1.0,0.0
67,5588026204,0,0,0,0,1,515183,182291,332892,0,0,0,0,6146,2004,0,599000,1,378000,1,1966,1966,93226,1076,0,0,1,0,0,0.0,0,0,1,2,0,0,0,0,0,0,0,0,0,,
68,5588026205,0,0,0,0,1,571077,453333,117744,0,0,0,0,6893,2004,0,485000,1,235000,1,1966,1966,93226,1005,0,0,1,0,0,0.0,0,0,1,1,0,0,0,0,0,0,0,0,0,1.0,0.0
69,5588026211,0,0,1,1,1,504427,325357,179070,0,0,0,0,6101,2004,0,420000,1,294000,1,1966,1966,93226,1071,0,0,1,0,0,0.0,0,0,2,2,0,0,0,0,0,0,0,0,0,,
70,5590007086,0,0,0,0,1,492418,240203,252215,0,0,0,0,5894,2004,0,410000,1,369000,1,1959,1959,10414,1156,0,0,1,0,0,0.0,0,0,2,2,0,0,0,0,0,0,0,0,0,,
71,5590010029,0,0,0,0,1,571076,399873,171203,0,0,0,0,6934,2004,0,485000,1,360000,1,1989,1989,13239,1429,0,0,1,0,0,0.0,0,0,2,3,0,0,0,0,0,0,0,0,0,,
72,5590014048,0,0,0,0,1,407144,313468,93676,0,0,0,0,4844,2004,0,339000,1,271200,1,1967,1967,16207,877,0,0,1,0,0,0.0,0,0,1,1,0,0,0,0,0,0,0,0,0,0.0,0.0
73,5590014080,0,0,1,0,1,344998,153072,191926,0,0,0,0,4107,2004,0,293000,1,284210,1,1964,1964,18164,760,0,0,1,0,0,0.0,0,0,1,1,0,0,0,0,0,0,0,0,0,,
74,5590014081,0,0,1,1,1,317914,141295,176619,0,0,0,0,3862,2004,0,270000,0,0,0,1964,1964,18164,642,0,0,1,0,0,0.0,0,0,1,1,0,0,0,0,0,0,0,0,0,0.0,0.0
75,5590014085,0,0,0,0,1,275030,120100,154930,0,0,0,0,3267,2004,0,229000,1,183200,1,1964,1964,18164,621,0,0,1,0,0,0.0,0,0,1,1,0,0,0,0,0,0,0,0,0,,
76,5590014086,0,0,1,0,1,329077,144120,184957,0,0,0,0,3995,2004,0,274000,1,219200,1,1964,1964,18164,621,0,0,1,0,0,0.0,0,0,1,1,0,0,0,0,0,0,0,0,0,,
77,5590014088,0,0,0,0,1,475605,216184,259421,0,0,0,0,5759,2004,0,396000,1,316800,1,1964,1964,18164,1041,0,0,1,0,0,0.0,0,0,2,2,0,0,0,0,0,0,0,0,0,,
78,5590014093,0,0,1,0,1,343490,156133,187357,0,0,0,0,4083,2004,0,286000,1,228800,1,1964,1964,18164,626,0,0,1,0,0,0.0,0,0,1,1,0,0,0,0,0,0,0,0,1,,
79,5590014094,0,0,0,0,1,356700,144120,212580,0,0,0,0,4324,2004,0,277000,1,221600,1,1964,1964,18164,621,0,0,1,0,0,0.0,0,0,1,1,0,0,0,0,0,0,0,0,0,0.0,0.0
80,5590014097,0,0,0,0,1,451584,216184,235400,0,0,0,0,5388,2004,0,396000,1,297000,1,1964,1964,18164,1023,0,0,1,0,0,0.0,0,0,2,2,0,0,0,0,0,0,0,0,0,0.0,0.0
81,5590014098,0,0,0,0,1,509232,240203,269029,0,0,0,0,6159,2004,0,422000,0,0,0,1964,1964,18164,1041,0,0,1,0,0,0.0,0,0,2,2,0,0,0,0,0,0,0,0,0,,
82,5590014101,0,0,0,0,1,360305,168142,192163,0,0,0,0,4286,2004,0,300000,1,240000,1,1964,1964,18164,696,0,0,1,0,0,0.0,0,0,1,1,0,0,0,0,0,0,0,0,0,,
83,5590014103,0,0,0,0,1,338687,156133,182554,0,0,0,0,4026,2004,0,282000,1,225600,1,1964,1964,18164,626,0,0,1,0,0,0.0,0,0,1,1,0,0,0,0,0,0,0,0,0,0.0,0.0
84,5590014106,0,0,1,0,1,353242,164846,188396,0,0,0,0,4286,2004,0,300000,0,0,0,1964,1964,18164,694,0,0,1,0,0,0.0,0,0,1,1,0,0,0,0,0,0,0,0,0,1.0,0.0
85,5433001035,0,0,0,0,1,510434,331459,178975,0,0,0,0,6178,2005,0,433500,1,346800,1,1984,1984,11637,1022,0,0,1,0,0,0.0,0,0,2,2,0,0,0,0,0,0,0,0,0,0.0,0.0
86,5588026020,0,0,1,0,1,552952,369291,183661,0,0,0,0,6678,2005,0,479000,0,0,0,1966,1966,93226,1035,0,0,1,0,0,0.0,0,0,1,2,0,0,0,0,0,0,0,0,0,,
87,5588026059,0,0,0,0,1,679400,575100,104300,0,0,0,0,8184,2005,0,590500,1,176000,1,1966,1966,93226,1000,0,0,1,0,0,0.0,0,0,1,1,0,0,0,0,0,0,0,0,0,,
88,5588026111,0,0,0,0,1,516600,367700,148900,0,0,0,0,6153,2005,0,450000,0,0,0,1966,1966,93226,835,0,0,1,0,0,0.0,0,0,1,1,0,0,0,0,0,0,0,0,0,1.0,0.0
89,5588026123,0,0,1,0,1,536811,330283,206528,0,0,0,0,6404,2005,0,456000,1,359650,1,1966,1966,93226,1071,0,0,1,0,0,0.0,0,0,2,2,0,0,0,0,0,0,0,0,0,,
90,5588026148,0,0,0,0,1,588738,394810,193928,0,0,0,0,7023,2005,0,500500,1,350000,1,1966,1966,93226,1076,0,0,1,0,0,0.0,0,0,1,2,0,0,0,0,0,0,0,0,1,1.0,1.0
91,5590005040,0,0,0,0,1,492925,385222,107703,0,0,0,0,5884,2005,0,427000,1,341600,1,1958,1958,8075,1022,0,0,1,0,0,0.0,0,0,2,1,0,0,0,0,0,0,0,0,0,,
92,5590007070,0,0,0,0,1,434627,347704,86923,0,0,0,0,5195,2005,0,376500,1,301200,1,1957,1957,8159,729,0,0,1,0,0,0.0,0,0,1,1,0,0,0,0,0,0,0,0,0,0.0,0.0
93,5590012039,0,0,1,0,1,611113,465226,145887,0,0,0,0,7408,2005,0,519000,1,339000,1,1973,1973,15032,1470,0,0,1,0,0,0.0,0,0,2,3,0,0,0,0,0,0,0,0,0,,
94,5590013041,0,0,0,0,1,536789,402999,133790,0,0,0,0,6407,2005,0,465000,1,216000,1,1974,1974,15793,1146,0,0,1,0,0,0.0,0,0,2,2,0,0,0,0,0,0,0,0,0,1.0,0.0
95,5590014050,0,0,0,0,1,421348,332464,88884,0,0,0,0,5094,2005,0,365000,1,292000,1,1967,1967,16207,798,0,0,1,0,0,0.0,0,0,1,1,0,0,0,0,0,0,0,0,0,,
96,5590014051,0,0,1,0,1,548337,429668,118669,0,0,0,0,6623,2005,0,475000,1,356250,1,1967,1967,16207,1172,0,0,1,0,0,0.0,0,0,2,2,0,0,0,0,0,0,0,0,0,1.0,0.0
97,5590014095,0,0,1,0,1,447441,247270,200171,0,0,0,0,5405,2005,0,380000,1,304000,1,1964,1964,18164,621,0,0,1,0,0,0.0,0,0,1,1,0,0,0,0,0,0,0,0,1,,
98,5590017028,0,0,0,0,1,346315,269782,76533,0,0,0,0,4117,2005,0,300000,1,255000,1,1958,1958,6731,646,0,0,1,0,0,0.0,0,0,1,1,0,0,0,0,0,0,0,0,0,,
99,5590017030,0,0,0,0,1,404036,318729,85307,0,0,0,0,4900,2005,0,350000,1,280000,1,1958,1958,6731,925,0,0,1,0,0,0.0,0,0,2,1,0,0,0,0,0,0,0,0,0,,
100,5591009058,1,0,0,0,1,536793,409812,126981,0,0,0,0,6407,2005,0,465000,1,106000,1,1963,1963,20250,1207,0,0,1,0,0,0.0,0,0,2,2,0,0,0,0,0,0,0,0,0,,
101,5591009062,0,0,0,0,1,532219,388099,144120,0,0,0,0,6348,2005,0,452000,1,350000,1,1963,1963,20250,1113,0,0,1,0,0,0.0,0,0,1,1,0,0,0,0,0,0,0,0,0,,
102,5592002067,0,0,0,0,1,362000,278000,84000,0,0,0,0,4312,2005,0,345000,1,125000,1,1959,1959,21231,629,0,0,1,0,0,0.0,0,0,1,1,0,0,0,0,0,0,0,0,1,,
103,5592002071,0,0,0,0,1,455983,277054,178929,0,0,0,0,5537,2005,0,395000,1,316000,1,1959,1959,21231,1123,0,0,1,0,0,0.0,0,0,2,2,0,0,0,0,0,0,0,0,0,0.0,0.0
104,5433004033,1,0,1,0,1,440000,351600,88400,0,0,0,0,5634,2006,0,425000,1,315000,1,1958,1958,7548,900,0,0,1,0,0,0.0,0,0,2,1,0,0,0,0,0,0,0,0,0,,
105,5433004036,0,0,1,1,1,472824,337806,135018,0,0,0,0,5721,2006,0,425000,1,160000,1,1958,1958,7548,1010,0,0,1,0,0,0.0,0,0,2,1,0,0,0,0,0,0,0,0,1,,
106,5588026174,1,0,1,0,1,622600,510500,112100,0,0,0,0,7501,2006,0,610000,1,410000,1,1966,1966,93226,868,0,0,1,0,0,0.0,0,0,1,1,0,0,0,0,0,0,0,0,0,,
107,5590014047,0,0,0,0,1,560221,438220,122001,0,0,0,0,6764,2006,0,498500,1,58250,1,1967,1967,16207,1153,0,0,1,0,0,0.0,0,0,2,1,0,0,0,0,0,0,0,0,0,,
108,5590014090,0,0,0,0,1,447043,354243,92800,0,0,0,0,5325,2006,0,395000,1,337000,1,1964,1964,18164,807,0,0,1,0,0,0.0,0,0,1,1,0,0,0,0,0,0,0,0,0,0.0,0.0
109,5590014096,0,0,0,0,1,455984,364791,91193,0,0,0,0,5510,2006,0,395000,1,316000,1,1964,1964,18164,694,0,0,1,0,0,0.0,0,0,1,1,0,0,0,0,0,0,0,0,0,,
110,5591009043,0,0,0,0,1,536791,379219,157572,0,0,0,0,6407,2006,0,465000,1,215000,1,1963,1963,20250,1212,0,0,1,0,0,0.0,0,0,2,2,0,0,0,0,0,0,0,0,0,,
111,5591009055,0,0,0,0,1,580592,423732,156860,0,0,0,0,6930,2006,0,513000,1,384750,1,1963,1963,20250,1234,0,0,1,0,0,0.0,0,0,2,2,0,0,0,0,0,0,0,0,0,,
112,5592001040,1,0,1,0,1,577196,416046,161150,0,0,0,0,7004,2006,0,500000,0,0,0,1984,1984,9600,1530,0,0,1,0,0,0.0,0,0,3,2,0,0,0,0,0,0,0,0,0,1.0,0.0
113,5592027057,0,0,0,0,1,704000,541000,163000,0,0,0,0,8435,2006,0,550000,1,375000,1,2005,2005,15736,1440,0,0,1,0,0,0.0,0,0,2,3,0,0,0,0,0,0,0,0,0,1.0,0.0
114,5434002031,0,0,0,0,1,573648,383912,189736,0,0,0,0,6852,2007,0,517000,1,413600,1,1976,1976,25051,1176,0,0,1,0,0,0.0,0,0,1,2,0,0,0,0,0,0,0,0,0,,
115,5542007029,0,0,1,0,1,451568,339529,112039,0,0,0,0,5392,2007,0,399000,1,319200,1,1923,1923,6600,930,0,0,1,0,0,0.0,0,0,1,1,0,0,0,0,0,0,0,0,0,,
116,5542007030,0,0,1,0,1,451568,339529,112039,0,0,0,0,5473,2007,0,399000,1,319200,1,1923,1923,6600,880,0,0,1,0,0,0.0,0,0,1,1,0,0,0,0,0,0,0,0,0,0.0,0.0
117,5588026138,0,0,0,0,1,471566,332871,138695,0,0,0,0,5623,2007,0,425000,1,382500,1,1966,1966,93226,996,0,0,1,0,0,0.0,0,0,1,1,0,0,0,0,0,0,0,0,0,,
118,5588026142,1,0,0,0,1,482661,288155,194506,0,0,0,0,5750,2007,0,435000,1,348000,1,1966,1966,93226,868,0,0,1,0,0,0.0,0,0,1,1,0,0,0,0,0,0,0,0,0,,
119,5588026181,0,0,0,0,1,615813,390459,225354,0,0,0,0,7343,2007,0,555000,1,499500,1,1966,1966,93226,1005,0,0,1,0,0,0.0,0,0,1,1,0,0,0,0,0,0,0,0,1,1.0,1.0
120,5589021028,0,0,1,0,1,661000,407000,254000,0,0,0,0,7983,2007,0,650000,1,520000,1,2007,2007,14781,1340,0,0,1,0,0,0.0,0,0,2,2,0,0,0,0,0,0,0,0,0,,
121,5589021030,0,0,1,0,1,704000,515700,188300,0,0,0,0,8503,2007,0,820000,1,320000,1,2007,2007,14781,1520,0,0,1,0,0,0.0,0,0,3,2,0,0,0,0,0,0,0,0,0,1.0,0.0
122,5589021032,1,0,1,0,1,692000,484000,208000,0,0,0,0,8355,2007,0,770000,1,577500,1,2007,2007,14781,1410,0,0,1,0,0,0.0,0,0,2,2,0,0,0,0,0,0,0,0,1,1.0,1.0
123,5590005046,0,0,1,1,1,587600,469400,118200,0,0,0,0,7035,2007,0,585000,1,285000,1,1961,1961,19250,1356,0,0,1,0,0,0.0,0,0,2,2,0,0,0,0,0,0,0,0,1,,
124,5590005050,0,0,0,0,1,427803,334322,93481,0,0,0,0,5110,2007,0,378500,1,302800,1,1961,1961,19250,876,0,0,1,0,0,0.0,0,0,1,1,0,0,0,0,0,0,0,0,0,,
125,5590007084,0,0,1,0,1,346320,242425,103895,0,0,0,0,4231,2007,0,593000,1,417000,1,1959,1959,10414,1012,0,0,1,0,0,0.0,0,0,2,1,0,0,0,0,0,0,0,0,0,,
126,5590007093,0,0,1,0,1,418749,325835,92914,0,0,0,0,5065,2007,0,370000,1,277500,1,1957,1957,8758,776,0,0,1,0,0,0.0,0,0,2,1,0,0,0,0,0,0,0,0,0,,
127,5590010036,0,0,0,0,1,671135,469909,201226,0,0,0,0,8043,2007,0,593000,1,293000,1,1989,1989,13239,1429,0,0,1,0,0,0.0,0,0,2,3,0,0,0,0,0,0,0,0,0,,
128,5590013054,0,0,1,0,1,695200,510500,184700,0,0,0,0,8399,2007,0,639000,0,0,0,1982,1982,12398,1618,0,0,1,0,0,0.0,0,0,2,2,0,0,0,0,0,0,0,0,0,,
129,5590013059,1,0,0,0,1,687934,504635,183299,0,0,0,0,8223,2007,0,620000,1,417000,1,1982,1982,12398,1494,0,0,1,0,0,0.0,0,0,2,2,0,0,0,0,0,0,0,0,1,,
130,5590014087,1,0,1,0,1,464100,358100,106000,0,0,0,0,5614,2007,0,460000,1,160000,1,1964,1964,18164,860,0,0,1,0,0,0.0,0,0,2,2,0,0,0,0,0,0,0,0,1,,
131,5590014099,0,0,0,0,1,493755,388349,105406,0,0,0,0,5880,2007,0,445000,1,320000,1,1964,1964,18164,760,0,0,1,0,0,0.0,0,0,1,1,0,0,0,0,0,0,0,0,0,1.0,0.0
132,5590014102,0,0,1,0,1,422143,333078,89065,0,0,0,0,5104,2007,0,373000,1,298400,1,1964,1964,18164,626,0,0,1,0,0,0.0,0,0,1,1,0,0,0,0,0,0,0,0,0,0.0,0.0
133,5591009041,1,0,1,0,1,553676,394676,159000,0,0,0,0,6692,2007,0,499000,1,275000,1,1963,1963,20250,1230,0,0,1,0,0,0.0,0,0,2,2,0,0,0,0,0,0,0,0,0,,
134,5592002057,0,0,0,0,1,525136,351073,174063,0,0,0,0,6277,2007,0,464000,1,371200,1,1959,1959,21231,1120,0,0,1,0,0,0.0,0,0,2,2,0,0,0,0,0,0,0,0,0,,
135,5592027046,0,0,0,0,1,688000,511000,177000,0,0,0,0,8250,2007,0,799000,0,0,0,2005,2005,15736,1540,0,0,1,0,0,0.0,0,0,2,2,0,0,0,0,0,0,0,0,0,,
136,5592027056,0,0,0,0,1,675000,544000,131000,0,0,0,0,8165,2007,0,745000,1,521500,1,2005,2005,15736,1290,0,0,1,0,0,0.0,0,0,2,3,0,0,0,0,0,0,0,0,0,1.0,0.0
137,5592027058,0,0,0,0,1,703000,526900,176100,0,0,0,0,8511,2007,0,800000,1,200000,1,2005,2005,15736,1510,0,0,1,0,0,0.0,0,0,2,3,0,0,0,0,0,0,0,0,1,,
138,5433001037,0,0,0,0,1,631000,475000,156000,0,0,0,0,7541,2008,0,607500,0,0,0,1984,1984,11637,1240,0,0,1,0,0,0.0,0,0,2,2,0,0,0,0,0,0,0,0,0,,
139,5434007023,0,0,1,0,1,474000,378900,95100,0,0,0,0,5756,2008,0,475000,1,380000,1,1972,1972,4810,944,0,0,1,0,0,0.0,0,0,2,2,0,0,0,0,0,0,0,0,1,1.0,1.0
140,5588026023,0,0,0,0,1,473198,364419,108779,0,0,0,0,5719,2008,0,435000,0,0,0,1966,1966,93226,835,0,0,1,0,0,0.0,0,0,1,1,0,0,0,0,0,0,0,0,0,1.0,0.0
141,5588026028,0,0,0,0,1,407928,202114,205814,0,0,0,0,4859,2008,0,375000,1,318750,1,1966,1966,93226,871,0,0,1,0,0,0.0,0,0,1,1,0,0,0,0,0,0,0,0,0,0.0,0.0
142,5588026095,0,0,0,0,1,516600,371200,145400,0,0,0,0,6153,2008,0,487500,0,0,0,1966,1966,93226,835,0,0,1,0,0,0.0,0,0,1,1,0,0,0,0,0,0,0,0,0,,
143,5588026122,0,0,0,0,1,451441,216148,235293,0,0,0,0,5467,2008,0,415000,1,215000,1,1966,1966,93226,996,0,0,1,0,0,0.0,0,0,1,1,0,0,0,0,0,0,0,0,0,,
144,5588026184,0,0,0,0,1,487340,326345,160995,0,0,0,0,5803,2008,0,448000,1,300000,1,1966,1966,93226,812,0,0,1,0,0,0.0,0,0,1,1,0,0,0,0,0,0,0,0,0,1.0,0.0
145,5588026149,0,0,0,0,1,319263,88310,230953,0,0,0,0,3892,2011,0,295000,0,0,0,1966,1966,93226,1005,0,0,1,0,0,0.0,0,0,1,1,0,0,0,0,0,0,0,0,0,,
146,5589021034,0,0,1,1,1,666000,433000,233000,0,0,0,0,7957,2008,0,617000,1,275000,1,2007,2007,14781,1300,0,0,1,0,0,0.0,0,0,2,2,0,0,0,0,0,0,0,0,1,,
147,5590001033,1,0,1,0,1,499312,291265,208047,0,0,0,0,6061,2008,0,515500,0,0,0,1991,1991,12552,1355,0,0,1,0,0,0.0,0,0,2,3,0,0,0,0,0,0,0,0,0,,
148,5590005044,0,0,1,0,1,380733,286313,94420,0,0,0,0,4618,2008,0,350000,0,0,0,1958,1958,8075,732,0,0,1,0,0,0.0,0,0,1,1,0,0,0,0,0,0,0,0,0,,
149,5590014070,0,0,0,0,1,366155,251094,115061,0,0,0,0,4375,2008,0,330000,0,0,0,1959,1959,8099,1060,0,0,1,0,0,0.0,0,0,2,2,0,0,0,0,0,0,0,0,1,,
150,5592027055,0,0,0,0,1,785300,617900,167400,0,0,0,0,9412,2008,0,750000,1,544000,1,2005,2005,15736,1590,0,0,1,0,0,0.0,0,0,2,3,0,0,0,0,0,0,0,0,0,,
151,5434002016,0,0,0,0,0,456880,239427,217453,0,0,0,0,5468,2009,0,420000,1,315000,1,1976,1976,25051,1354,0,0,1,0,0,0.0,0,0,2,2,0,0,0,0,0,0,0,0,0,0.0,0.0
152,5590005061,0,0,0,0,1,90040,43877,46163,0,0,0,0,1099,2012,0,430000,0,0,0,1961,1961,19250,1216,0,0,1,0,0,0.0,0,0,2,1,0,0,0,0,0,0,0,0,0,,
153,5588026037,1,0,1,0,1,316212,125830,190382,0,0,0,0,3846,2009,0,290000,0,0,0,1966,1966,93226,777,0,0,1,0,0,0.0,0,0,1,1,0,0,0,0,0,0,0,0,0,1.0,0.0
154,5588026049,0,0,0,0,1,572459,408901,163558,0,0,0,0,6912,2009,0,525000,1,515490,1,1966,1966,93226,1071,0,0,1,0,0,0.0,0,0,2,2,0,0,0,0,0,0,0,0,0,1.0,0.0
155,5588026164,0,0,1,0,1,561555,403449,158106,0,0,0,0,6782,2009,0,515000,0,0,0,1966,1966,93226,1076,0,0,1,0,0,0.0,0,0,1,2,0,0,0,0,0,0,0,0,0,,
156,5589021024,0,0,0,0,1,567005,332898,234107,0,0,0,0,6870,2009,0,520000,1,390000,1,2007,2007,14781,1510,0,0,1,0,0,0.0,0,0,3,2,0,0,0,0,0,0,0,0,0,,
157,5589021026,0,0,0,0,1,550867,324393,226474,0,0,0,0,6673,2009,0,505500,0,0,0,2007,2007,14781,1410,0,0,1,0,0,0.0,0,0,2,2,0,0,0,0,0,0,0,0,0,,
158,5589021027,0,0,0,0,1,531939,304369,227570,0,0,0,0,6448,2009,0,489000,1,416415,1,2007,2007,14781,1420,0,0,1,0,0,0.0,0,0,2,2,0,0,0,0,0,0,0,0,0,1.0,0.0
159,5589021029,0,0,1,0,1,574095,340293,233802,0,0,0,0,6871,2009,0,520000,1,416000,1,2007,2007,14781,1510,0,0,1,0,0,0.0,0,0,2,2,0,0,0,0,0,0,0,0,0,,
160,5589021033,0,0,0,0,1,543798,316228,227570,0,0,0,0,6506,2009,0,500000,1,174900,1,2007,2007,14781,1420,0,0,1,0,0,0.0,0,0,2,2,0,0,0,0,0,0,0,0,0,,
161,5589021035,0,0,1,0,1,586333,351257,235076,0,0,0,0,7017,2009,0,539000,1,323400,1,2007,2007,14781,1520,0,0,1,0,0,0.0,0,0,3,2,0,0,0,0,0,0,0,0,0,,
162,5589021036,0,0,1,0,1,614615,379539,235076,0,0,0,0,7437,2009,0,565000,1,417000,1,2007,2007,14781,1520,0,0,1,0,0,0.0,0,0,3,2,0,0,0,0,0,0,0,0,0,1.0,0.0
163,5589021038,0,0,1,1,1,609176,383238,225938,0,0,0,0,7284,2009,0,560000,1,417000,1,2007,2007,14781,1410,0,0,1,0,0,0.0,0,0,2,2,0,0,0,0,0,0,0,0,1,,
164,5590013043,0,0,0,0,1,500394,333959,166435,0,0,0,0,6064,2009,0,460000,1,320000,1,1974,1974,15793,1323,0,0,1,0,0,0.0,0,0,2,2,0,0,0,0,0,0,0,0,0,,
165,5590013061,0,0,0,0,1,545090,345330,199760,0,0,0,0,6607,2009,0,500000,1,275000,1,1982,1982,12398,1563,0,0,1,0,0,0.0,0,0,2,2,0,0,0,0,0,0,0,0,0,,
166,5592001037,0,0,0,0,1,571102,412065,159037,0,0,0,0,6843,2009,0,525000,1,480768,1,1984,1984,9600,1426,0,0,1,0,0,0.0,0,0,3,2,0,0,0,0,0,0,0,0,0,1.0,0.0
167,5433004039,0,0,1,1,1,183981,105085,78896,0,0,0,0,2267,2010,0,170000,0,0,0,1958,1958,7548,750,0,0,1,0,0,0.0,0,0,1,1,0,0,0,0,0,0,0,0,0,,
168,5434002023,0,0,1,0,1,349568,159849,189719,0,0,0,0,4265,2010,0,323000,1,242250,1,1976,1976,25051,1176,0,0,1,0,0,0.0,0,0,1,2,0,0,0,0,0,0,0,0,0,,
169,5434008008,0,0,0,0,1,425255,300950,124305,0,0,0,0,5221,2010,0,390000,1,240000,1,1959,1959,37042,1240,0,0,1,0,0,0.0,0,0,2,2,0,0,0,0,0,0,0,0,0,0.0,0.0
170,5542005045,1,0,1,0,1,556104,261696,294408,0,0,0,0,6670,2010,0,2086363,1,503223,1,1990,1990,6720,1190,0,0,1,0,0,0.0,0,0,2,2,0,0,0,0,0,0,0,0,0,,
171,5588026036,0,0,0,0,1,310761,109366,201395,0,0,0,0,3701,2010,0,285000,1,199500,1,1966,1966,93226,871,0,0,1,0,0,0.0,0,0,1,1,0,0,0,0,0,0,0,0,1,,
172,5588026058,1,0,0,0,1,346320,101514,244806,0,0,0,0,4217,2010,0,320000,1,256000,1,1966,1966,93226,1067,0,0,1,0,0,0.0,0,0,1,2,0,0,0,0,0,0,0,0,0,0.0,0.0
173,5588026078,0,0,0,0,1,324675,137661,187014,0,0,0,0,3865,2010,0,300000,1,240000,1,1966,1966,93226,812,0,0,1,0,0,0.0,0,0,1,1,0,0,0,0,0,0,0,0,0,0.0,0.0
174,5588026089,0,0,0,0,1,579008,308444,270564,0,0,0,0,6990,2010,0,535000,0,0,0,1966,1966,93226,1071,0,0,1,0,0,0.0,0,0,2,2,0,0,0,0,0,0,0,0,0,1.0,0.0
175,5588026132,0,0,0,0,1,335497,88960,246537,0,0,0,0,4088,2010,0,310000,0,0,0,1966,1966,93226,1076,0,0,1,0,0,0.0,0,0,1,2,0,0,0,0,0,0,0,0,0,1.0,0.0
176,5588026168,0,0,0,0,1,378788,190909,187879,0,0,0,0,4593,2010,0,350000,1,280000,1,1966,1966,93226,812,0,0,1,0,0,0.0,0,0,1,1,0,0,0,0,0,0,0,0,0,0.0,0.0
177,5588026212,1,0,0,0,1,737016,412339,324677,0,0,0,0,8824,2010,0,681000,0,0,0,1966,1966,93226,1870,0,0,1,0,0,0.0,0,0,2,3,0,0,0,0,0,0,0,0,1,1.0,1.0
178,5590001029,0,0,0,0,1,518400,322945,195455,0,0,0,0,6205,2010,0,479000,1,210000,1,1991,1991,12552,1355,0,0,1,0,0,0.0,0,0,2,3,0,0,0,0,0,0,0,0,0,1.0,0.0
179,5590004028,1,0,1,0,1,270561,151839,118722,0,0,0,0,3316,2010,0,250000,0,0,0,1959,1959,9129,1086,0,0,1,0,0,0.0,0,0,2,2,0,0,0,0,0,0,0,0,0,,
180,5590014062,0,0,1,0,1,319263,213745,105518,0,0,0,0,3877,2010,0,295000,1,265500,1,1967,1967,16207,798,0,0,1,0,0,0.0,0,0,1,1,0,0,0,0,0,0,0,0,0,,
181,5590014079,0,0,0,0,1,332570,239561,93009,0,0,0,0,4042,2010,0,305000,1,244000,1,1964,1964,18164,760,0,0,1,0,0,0.0,0,0,1,1,0,0,0,0,0,0,0,0,0,0.0,0.0
182,5590014100,0,0,0,0,1,332570,233781,98789,0,0,0,0,3961,2010,0,305000,1,244000,1,1964,1964,18164,807,0,0,1,0,0,0.0,0,0,1,1,0,0,0,0,0,0,0,0,0,,
183,5592027037,0,0,1,0,1,358440,188960,169480,0,0,0,0,4395,2010,0,331500,1,264960,1,1978,1978,15400,1406,0,0,1,0,0,0.0,0,0,2,2,0,0,0,0,0,0,0,0,0,,
184,5592027054,0,0,0,0,1,718000,430800,287200,0,0,0,0,8614,2010,0,730000,1,500000,1,2005,2005,15736,1660,0,0,1,0,0,0.0,0,0,2,3,0,0,0,0,0,0,0,0,0,,
185,5434008009,0,0,0,0,1,270563,162126,108437,0,0,0,0,3281,2011,0,255000,1,55000,1,1959,1959,37042,946,0,0,1,0,0,0.0,0,0,1,1,0,0,0,0,0,0,0,0,0,,
186,5542005043,0,0,0,0,1,514602,302395,212207,0,0,0,0,6258,2011,0,485000,1,305550,1,1990,1990,6720,1190,0,0,1,0,0,0.0,0,0,2,2,0,0,0,0,0,0,0,0,0,1.0,0.0
187,5542005044,0,0,1,0,1,524895,308444,216451,0,0,0,0,6381,2011,0,485000,0,0,0,1990,1990,6720,1190,0,0,1,0,0,0.0,0,0,2,2,0,0,0,0,0,0,0,0,0,,
188,5588026032,0,0,1,0,1,350141,126899,223242,0,0,0,0,4176,2011,0,330000,0,0,0,1966,1966,93226,992,0,0,1,0,0,0.0,0,0,1,1,0,0,0,0,0,0,0,0,0,1.0,0.0
189,5588026033,1,0,0,0,1,344836,104087,240749,0,0,0,0,4116,2011,0,325000,1,260000,1,1966,1966,93226,1071,0,0,1,0,0,0.0,0,0,2,2,0,0,0,0,0,0,0,0,0,0.0,0.0
190,5588026035,0,0,0,0,1,343277,135230,208047,0,0,0,0,4094,2011,0,325000,0,0,0,1966,1966,93226,1000,0,0,1,0,0,0.0,0,0,1,1,0,0,0,0,0,0,0,0,0,,
191,5588026050,0,0,0,0,1,493382,281175,212207,0,0,0,0,5969,2011,0,465000,0,0,0,1966,1966,93226,1067,0,0,1,0,0,0.0,0,0,1,2,0,0,0,0,0,0,0,0,0,,
192,5588026068,0,0,0,0,1,357143,157252,199891,0,0,0,0,4254,2011,0,330000,1,165000,1,1966,1966,93226,871,0,0,1,0,0,0.0,0,0,1,1,0,0,0,0,0,0,0,0,0,,
193,5588026070,0,0,0,0,1,77831,34985,42846,0,0,0,0,922,2011,0,315000,1,252000,1,1966,1966,93226,812,0,0,1,0,0,0.0,0,0,1,1,0,0,0,0,0,0,0,0,0,,
194,5588026092,0,0,0,0,1,339530,143557,195973,0,0,0,0,4044,2011,0,320000,1,240000,1,1966,1966,93226,871,0,0,1,0,0,0.0,0,0,1,1,0,0,0,0,0,0,0,0,0,0.0,0.0
195,5588026113,0,0,0,0,1,525212,265259,259953,0,0,0,0,6349,2011,0,495000,1,371250,1,1966,1966,93226,1071,0,0,1,0,0,0.0,0,0,2,2,0,0,0,0,0,0,0,0,0,1.0,0.0
196,5588026130,0,0,1,0,1,273267,54652,218615,0,0,0,0,3343,2011,0,252500,1,202000,1,1966,1966,93226,996,0,0,1,0,0,0.0,0,0,1,1,0,0,0,0,0,0,0,0,1,,
197,5588026147,0,0,0,0,1,532469,316018,216451,0,0,0,0,6436,2011,0,492000,1,369000,1,1966,1966,93226,1071,0,0,1,0,0,0.0,0,0,2,2,0,0,0,0,0,0,0,0,0,,
198,5588026163,1,0,0,0,1,532640,318311,214329,0,0,0,0,6354,2011,0,502000,1,401600,1,1966,1966,93226,1071,0,0,1,0,0,0.0,0,0,2,2,0,0,0,0,0,0,0,0,0,1.0,0.0
199,5588026191,0,0,1,0,1,413803,254649,159154,0,0,0,0,5009,2011,0,390000,1,290000,1,1966,1966,93226,778,0,0,1,0,0,0.0,0,0,1,1,0,0,0,0,0,0,0,0,0,,
200,5590005049,0,0,0,0,1,302393,195018,107375,0,0,0,0,3627,2011,0,285000,1,200000,1,1961,1961,19250,1147,0,0,1,0,0,0.0,0,0,2,1,0,0,0,0,0,0,0,0,0,,
201,5590007073,0,0,1,1,1,270562,183117,87445,0,0,0,0,3323,2011,0,250000,1,187500,1,1957,1957,8159,724,0,0,1,0,0,0.0,0,0,1,1,0,0,0,0,0,0,0,0,1,,
202,5590010034,0,0,0,0,1,413803,215814,197989,0,0,0,0,5059,2011,0,390000,1,292500,1,1989,1989,13239,1432,0,0,1,0,0,0.0,0,0,2,3,0,0,0,0,0,0,0,0,0,,
203,5590013063,0,0,1,0,1,449134,258766,190368,0,0,0,0,5378,2011,0,415000,0,0,0,1982,1982,12398,1515,0,0,1,0,0,0.0,0,0,2,2,0,0,0,0,0,0,0,0,0,,
204,5590014092,0,0,1,1,1,318310,180376,137934,0,0,0,0,3866,2011,0,300000,1,150000,1,1964,1964,18164,626,0,0,1,0,0,0.0,0,0,1,1,0,0,0,0,0,0,0,0,0,0.0,0.0
205,5590014104,0,0,0,0,1,332251,200217,132034,0,0,0,0,3949,2011,0,307000,1,107000,1,1964,1964,18164,621,0,0,1,0,0,0.0,0,0,1,1,0,0,0,0,0,0,0,0,0,,
206,5590014107,0,0,0,0,1,409091,246753,162338,0,0,0,0,4882,2011,0,378000,1,225000,1,1964,1964,18164,1023,0,0,1,0,0,0.0,0,0,2,2,0,0,0,0,0,0,0,0,0,,
207,5590017032,0,0,0,0,1,212205,127111,85094,0,0,0,0,2518,2011,0,200000,0,0,0,1958,1958,6731,638,0,0,1,0,0,0.0,0,0,2,1,0,0,0,0,0,0,0,0,0,0.0,0.0
208,5592002056,0,0,1,0,0,246159,110347,135812,0,0,0,0,3022,2011,0,232000,0,0,0,1959,1959,21231,790,0,0,1,0,0,0.0,0,0,2,2,0,0,0,0,0,0,0,0,0,,
209,5592002072,0,0,1,0,1,244036,116606,127430,0,0,0,0,2994,2011,0,230000,1,184000,1,1959,1959,21231,740,0,0,1,0,0,0.0,0,0,1,1,0,0,0,0,0,0,0,0,0,0.0,0.0
210,5592027027,0,0,0,0,1,339531,168598,170933,0,0,0,0,4088,2011,0,320000,1,256000,1,1978,1978,15400,1448,0,0,1,0,0,0.0,0,0,2,2,0,0,0,0,0,0,0,0,1,,
211,5433001032,0,0,1,0,0,468103,242061,226042,0,0,0,0,5694,2012,0,450000,0,0,0,1984,1984,11637,1486,0,0,1,0,0,0.0,0,0,3,3,0,0,0,0,0,0,0,0,0,,
212,5434002028,0,0,0,0,1,353676,147712,205964,0,0,0,0,4319,2012,0,340000,1,323000,1,1976,1976,25051,1298,0,0,1,0,0,0.0,0,0,2,2,0,0,0,0,0,0,0,0,0,,
213,5434008012,0,0,1,1,0,43405,16925,26480,0,0,0,0,659,2012,0,225000,1,215000,1,1959,1959,37042,987,0,0,1,0,0,0.0,0,0,1,1,0,0,0,0,0,0,0,0,0,,
214,5542005042,0,0,0,0,1,539879,270460,269419,0,0,0,0,6560,2012,0,519000,1,415200,1,1990,1990,6720,1190,0,0,1,0,0,0.0,0,0,2,2,0,0,0,0,0,0,0,0,1,,
215,5588026029,1,0,1,1,1,306638,122867,183771,0,0,0,0,3731,2012,0,289000,1,231200,1,1966,1966,93226,777,0,0,1,0,0,0.0,0,0,1,1,0,0,0,0,0,0,0,0,0,,
216,5588026031,0,0,0,0,1,358879,165396,193483,0,0,0,0,4273,2012,0,345000,0,0,0,1966,1966,93226,835,0,0,1,0,0,0.0,0,0,1,1,0,0,0,0,0,0,0,0,0,,
217,5588026034,0,0,0,0,1,410890,164668,246222,0,0,0,0,4986,2012,0,395000,1,316000,1,1966,1966,93226,1067,0,0,1,0,0,0.0,0,0,1,2,0,0,0,0,0,0,0,0,0,0.0,0.0
218,5588026046,0,0,0,0,1,462954,324880,138074,0,0,0,0,5596,2012,0,359000,0,0,0,1966,1966,93226,812,0,0,1,0,0,0.0,0,0,1,1,0,0,0,0,0,0,0,0,0,,
219,5588026052,1,0,0,0,1,355446,159473,195973,0,0,0,0,4234,2012,0,335000,0,0,0,1966,1966,93226,871,0,0,1,0,0,0.0,0,0,1,1,0,0,0,0,0,0,0,0,0,,
220,5588026056,0,0,0,0,1,318520,84987,233533,0,0,0,0,3799,2012,0,300500,1,225149,1,1966,1966,93226,992,0,0,1,0,0,0.0,0,0,1,1,0,0,0,0,0,0,0,0,0,0.0,0.0
221,5588026073,0,0,1,1,1,566927,312070,254857,0,0,0,0,6846,2012,0,545000,1,341250,1,1966,1966,93226,1071,0,0,1,0,0,0.0,0,0,2,2,0,0,0,0,0,0,0,0,0,,
222,5588026087,0,1,1,1,1,435856,242373,193483,0,0,0,0,5274,2012,0,419000,0,0,0,1966,1966,93226,835,0,0,1,0,0,0.0,0,0,1,1,0,0,0,0,0,0,0,0,0,,
223,5588026105,0,0,0,0,1,519075,272021,247054,0,0,0,0,6192,2012,0,499000,0,0,0,1966,1966,93226,1071,0,0,1,0,0,0.0,0,0,2,2,0,0,0,0,0,0,0,0,0,1.0,0.0
224,5588026124,0,0,0,0,1,412742,159792,252950,0,0,0,0,4925,2012,0,389000,0,0,0,1966,1966,93226,1076,0,0,1,0,0,0.0,0,0,1,2,0,0,0,0,0,0,0,0,0,1.0,0.0
225,5588026144,0,0,0,0,1,334224,175070,159154,0,0,0,0,3978,2012,0,315000,1,283500,1,1966,1966,93226,812,0,0,1,0,0,0.0,0,0,1,1,0,0,0,0,0,0,0,0,1,,
226,5588026159,0,0,0,0,1,296464,115152,181312,0,0,0,0,3610,2012,0,285000,1,256500,1,1966,1966,93226,778,0,0,1,0,0,0.0,0,0,1,1,0,0,0,0,0,0,0,0,0,,
227,5589021022,1,0,1,0,1,598133,312070,286063,0,0,0,0,7237,2012,0,575000,0,0,0,2007,2007,14781,1420,0,0,1,0,0,0.0,0,0,2,2,0,0,0,0,0,0,0,0,0,,
228,5590001032,0,0,1,1,1,516724,265259,251465,0,0,0,0,6185,2012,0,487000,1,240000,1,1991,1991,12552,1355,0,0,1,0,0,0.0,0,0,2,3,0,0,0,0,0,0,0,0,0,,
229,5590013036,0,0,0,0,1,416091,258081,158010,0,0,0,0,4976,2012,0,400000,1,300000,1,1974,1974,15793,1323,0,0,1,0,0,0.0,0,0,2,2,0,0,0,0,0,0,0,0,0,,
230,5590013038,0,0,0,0,1,297089,159049,138040,0,0,0,0,3627,2012,0,280000,1,252000,1,1974,1974,15793,992,0,0,1,0,0,0.0,0,0,1,1,0,0,0,0,0,0,0,0,0,,
231,5591009039,0,0,0,0,1,356508,186743,169765,0,0,0,0,4342,2012,0,336000,1,268800,1,1963,1963,20250,1234,0,0,1,0,0,0.0,0,0,2,2,0,0,0,0,0,0,0,0,0,,
232,5591009044,0,0,0,0,1,323614,166476,157138,0,0,0,0,3941,2012,0,305000,0,0,0,1963,1963,20250,1019,0,0,1,0,0,0.0,0,0,1,1,0,0,0,0,0,0,0,0,1,1.0,1.0
233,5591009057,0,0,0,0,1,424414,255179,169235,0,0,0,0,5152,2012,0,400000,1,300000,1,1963,1963,20250,1230,0,0,1,0,0,0.0,0,0,2,2,0,0,0,0,0,0,0,0,1,,
234,5592027047,0,0,1,0,1,539878,308740,231138,0,0,0,0,6494,2012,0,519000,1,363230,1,2005,2005,15736,1710,0,0,1,0,0,0.0,0,0,2,3,0,0,0,0,0,0,0,0,0,,
235,5592027051,0,0,0,0,1,546121,320495,225626,0,0,0,0,6645,2012,0,525000,1,345000,1,2005,2005,15736,1590,0,0,1,0,0,0.0,0,0,2,3,0,0,0,0,0,0,0,0,0,,
236,5592027053,0,0,1,1,1,499310,275140,224170,0,0,0,0,6087,2012,0,480000,1,360000,1,2005,2005,15736,1580,0,0,1,0,0,0.0,0,0,2,3,0,0,0,0,0,0,0,0,0,,
237,5592027059,1,0,0,0,1,539881,317167,222714,0,0,0,0,6567,2012,0,519000,0,0,0,2005,2005,15736,1510,0,0,1,0,0,0.0,0,0,2,3,0,0,0,0,0,0,0,0,0,,
238,5433004040,0,0,1,0,1,462365,369892,92473,0,0,0,0,5513,2013,0,446500,0,0,0,1958,1958,7548,1010,0,0,1,0,0,0.0,0,0,2,1,0,0,0,0,0,0,0,0,0,1.0,0.0
239,5434002026,0,0,0,0,1,480487,276901,203586,0,0,0,0,5747,2013,0,464000,1,371200,1,1976,1976,25051,1298,0,0,1,0,0,0.0,0,0,2,2,0,0,0,0,0,0,0,0,0,,
240,5588026043,1,0,1,1,1,517765,287981,229784,0,0,0,0,6257,2013,0,500000,1,400000,1,1966,1966,93226,1000,0,0,1,0,0,0.0,0,0,1,1,0,0,0,0,0,0,0,0,1,,
241,5588026131,1,0,0,0,1,516730,270998,245732,0,0,0,0,6165,2013,0,499000,1,505000,1,1966,1966,93226,1071,0,0,1,0,0,0.0,0,0,2,2,0,0,0,0,0,0,0,0,0,,
242,5588026146,0,0,0,0,1,366160,136269,229891,0,0,0,0,4367,2013,0,352000,1,281600,1,1966,1966,93226,996,0,0,1,0,0,0.0,0,0,1,1,0,0,0,0,0,0,0,0,0,,
243,5588026155,0,0,0,0,1,595011,348165,246846,0,0,0,0,7181,2013,0,572000,1,417000,1,1966,1966,93226,1071,0,0,1,0,0,0.0,0,0,2,2,0,0,0,0,0,0,0,0,0,,
244,5588026162,0,0,0,0,1,509714,279823,229891,0,0,0,0,6161,2013,0,490000,1,367500,1,1966,1966,93226,996,0,0,1,0,0,0.0,0,0,1,1,0,0,0,0,0,0,0,0,0,,
245,5588026192,0,0,0,0,1,456661,267652,189009,0,0,0,0,5521,2013,0,439000,0,0,0,1966,1966,93226,812,0,0,1,0,0,0.0,0,0,1,1,0,0,0,0,0,0,0,0,0,,
246,5588026194,0,0,1,0,1,534334,305482,228852,0,0,0,0,6455,2013,0,516000,1,387000,1,1966,1966,93226,996,0,0,1,0,0,0.0,0,0,2,1,0,0,0,0,0,0,0,0,0,,
247,5588026208,0,0,1,0,1,424567,339654,84913,0,0,0,0,5138,2013,0,300000,1,225000,1,1966,1966,93226,812,0,0,1,0,0,0.0,0,0,1,1,0,0,0,0,0,0,0,0,0,,
248,5589021031,0,0,0,0,1,620284,412039,208245,0,0,0,0,7413,2013,0,599000,1,446889,1,2007,2007,14781,1320,0,0,1,0,0,0.0,0,0,2,2,0,0,0,0,0,0,0,0,0,,
249,5589021037,1,0,0,0,1,620284,412039,208245,0,0,0,0,7496,2013,0,599000,0,0,0,2007,2007,14781,1320,0,0,1,0,0,0.0,0,0,2,2,0,0,0,0,0,0,0,0,0,,
250,5590004026,0,0,0,0,1,398678,318943,79735,0,0,0,0,4831,2013,0,385000,1,269500,1,1959,1959,9129,798,0,0,1,0,0,0.0,0,0,1,1,0,0,0,0,0,0,0,0,0,,
251,5590004029,0,0,0,0,1,309989,206590,103399,0,0,0,0,3775,2013,0,298000,1,283100,1,1959,1959,9129,821,0,0,1,0,0,0.0,0,0,1,1,0,0,0,0,0,0,0,0,1,,
252,5590005054,0,0,0,0,1,512588,410071,102517,0,0,0,0,6221,2013,0,495000,1,245000,1,1961,1961,19250,1273,0,0,1,0,0,0.0,0,0,2,2,0,0,0,0,0,0,0,0,1,,
253,5590005057,0,0,0,0,1,390086,312070,78016,0,0,0,0,4661,2013,0,375000,1,300000,1,1961,1961,19250,889,0,0,1,0,0,0.0,0,0,1,1,0,0,0,0,0,0,0,0,1,0.0,1.0
254,5590007082,0,0,0,0,1,496020,297198,198822,0,0,0,0,6017,2013,0,479000,1,358950,1,1959,1959,10414,1064,0,0,1,0,0,0.0,0,0,2,1,0,0,0,0,0,0,0,0,0,,
255,5590012033,0,0,0,0,1,464953,321739,143214,0,0,0,0,5571,2013,0,449000,1,404100,1,1973,1973,15032,1190,0,0,1,0,0,0.0,0,0,2,3,0,0,0,0,0,0,0,0,0,,
256,5590012037,0,0,0,0,1,508562,254281,254281,0,0,0,0,6174,2013,0,490000,1,367500,1,1973,1973,15032,1190,0,0,1,0,0,0.0,0,0,2,3,0,0,0,0,0,0,0,0,0,1.0,0.0
257,5590014057,0,0,1,0,0,517766,310660,207106,0,0,0,0,6175,2013,0,500000,1,440951,1,1967,1967,16207,1153,0,0,1,0,0,0.0,0,0,2,2,0,0,0,0,0,0,0,0,0,,
258,5592027048,0,0,1,0,1,570047,357008,213039,0,0,0,0,6840,2013,0,548000,1,411000,1,2005,2005,15736,1460,0,0,1,0,0,0.0,0,0,2,2,0,0,0,0,0,0,0,0,0,,
259,5592027049,0,0,0,0,1,750762,517353,233409,0,0,0,0,9005,2013,0,725000,0,0,0,2005,2005,15736,1670,0,0,1,0,0,0.0,0,0,2,3,0,0,0,0,0,0,0,0,0,,
260,5592027052,0,0,0,0,1,724872,503994,220878,0,0,0,0,8692,2013,0,700000,1,417000,1,2005,2005,15736,1580,0,0,1,0,0,0.0,0,0,2,3,0,0,0,0,0,0,0,0,0,,
261,5433001036,0,0,0,0,1,512588,313041,199547,0,0,0,0,6203,2014,0,495000,1,380000,1,1984,1984,11637,997,0,0,1,0,0,0.0,0,0,2,2,0,0,0,0,0,0,0,0,0,,
262,5433004035,0,0,0,0,1,263964,157363,106601,0,0,0,0,3135,2014,0,500000,1,180000,0,1958,1958,7548,700,0,0,1,0,0,0.0,0,0,1,1,0,0,0,0,0,0,0,0,1,,
263,5434002022,0,0,0,0,1,543654,346489,197165,0,0,0,0,6495,2014,0,525000,1,248750,1,1976,1976,25051,1176,0,0,1,0,0,0.0,0,0,1,2,0,0,0,0,0,0,0,0,0,,
264,5588026063,0,0,0,0,1,474121,304575,169546,0,0,0,0,5730,2014,0,467000,0,0,0,1966,1966,93226,835,0,0,1,0,0,0.0,0,0,1,1,0,0,0,0,0,0,0,0,0,,
265,5588026072,0,0,0,0,1,595431,390396,205035,0,0,0,0,7099,2014,0,575000,1,452000,1,1966,1966,93226,992,0,0,1,0,0,0.0,0,0,1,1,0,0,0,0,0,0,0,0,0,,
266,5588026085,0,0,0,0,0,522853,365490,157363,0,0,0,0,6308,2014,0,515000,0,0,0,1966,1966,93226,777,0,0,1,0,0,0.0,0,0,1,1,0,0,0,0,0,0,0,0,0,,
267,5588026098,0,0,0,0,1,640622,369551,271071,0,0,0,0,7641,2014,0,631000,0,0,0,1966,1966,93226,1067,0,0,1,0,0,0.0,0,0,1,2,0,0,0,0,0,0,0,0,1,,
268,5588026112,0,0,0,0,1,683451,478416,205035,0,0,0,0,8232,2014,0,660000,0,0,0,1966,1966,93226,992,0,0,1,0,0,0.0,0,0,1,1,0,0,0,0,0,0,0,0,0,,
269,5588026115,0,0,1,0,1,1218299,841642,376657,0,0,0,0,14643,2014,0,1200000,1,600000,1,1966,1966,93226,1857,0,0,1,0,0,0.0,0,0,2,2,0,0,0,0,0,0,0,0,1,,
270,5588026136,1,0,1,0,0,440917,274804,166113,0,0,0,0,5250,2014,0,675000,0,0,0,1966,1966,93226,812,0,0,1,0,0,0.0,0,0,1,1,0,0,0,0,0,0,0,0,0,,
271,5588026161,0,0,1,0,1,479197,309651,169546,0,0,0,0,5791,2014,0,472000,0,0,0,1966,1966,93226,836,0,0,1,0,0,0.0,0,0,1,1,0,0,0,0,0,0,0,0,0,1.0,0.0
272,5588026165,0,0,0,0,1,554009,345868,208141,0,0,0,0,6689,2014,0,535000,0,0,0,1966,1966,93226,1005,0,0,1,0,0,0.0,0,0,1,1,0,0,0,0,0,0,0,0,1,,
273,5588026186,0,1,1,0,1,607118,405084,202034,0,0,0,0,7322,2014,0,598000,1,388700,1,1966,1966,93226,996,0,0,1,0,0,0.0,0,0,1,1,0,0,0,0,0,0,0,0,0,,
274,5588026196,1,0,0,0,1,701537,491381,210156,0,0,0,0,8367,2014,0,691000,0,0,0,1966,1966,93226,1076,0,0,1,0,0,0.0,0,0,1,2,0,0,0,0,0,0,0,0,0,,
275,5588026198,0,0,1,1,1,485289,308636,176653,0,0,0,0,5865,2014,0,477500,1,475000,1,1966,1966,93226,868,0,0,1,0,0,0.0,0,0,1,1,0,0,0,0,0,0,0,0,0,,
276,5589021023,0,0,0,0,1,635816,428710,207106,0,0,0,0,7682,2014,0,610000,1,461000,1,2007,2007,14781,1330,0,0,1,0,0,0.0,0,0,2,2,0,0,0,0,0,0,0,0,0,,
277,5590005052,1,0,0,0,1,502548,389348,113200,0,0,0,0,6099,2014,0,495000,1,371250,1,1961,1961,19250,1216,0,0,1,0,0,0.0,0,0,2,1,0,0,0,0,0,0,0,0,1,,
278,5590007077,0,0,1,0,1,479450,364403,115047,0,0,0,0,5819,2014,0,463000,1,173000,1,1959,1959,10414,1064,0,0,1,0,0,0.0,0,0,2,1,0,0,0,0,0,0,0,0,0,,
279,5590012040,0,0,0,0,1,621319,454806,166513,0,0,0,0,7446,2014,0,600000,1,480000,1,1973,1973,15032,1470,0,0,1,0,0,0.0,0,0,2,3,0,0,0,0,0,0,0,0,1,,
280,5590013042,1,0,1,0,1,533006,378485,154521,0,0,0,0,6451,2014,0,525000,1,275000,1,1974,1974,15793,1275,0,0,1,0,0,0.0,0,0,2,2,0,0,0,0,0,0,0,0,0,,
281,5590013062,1,0,1,0,1,528121,333027,195094,0,0,0,0,6402,2014,0,510000,0,0,0,1982,1982,12398,1490,0,0,1,0,0,0.0,0,0,2,2,0,0,0,0,0,0,0,0,0,,
282,5590014058,0,0,1,0,1,389359,282079,107280,0,0,0,0,4629,2014,0,376000,1,357200,1,1967,1967,16207,798,0,0,1,0,0,0.0,0,0,1,1,0,0,0,0,0,0,0,0,0,,
283,5590014065,0,0,1,1,1,516729,385114,131615,0,0,0,0,6246,2014,0,499000,0,0,0,1967,1967,16207,1153,0,0,1,0,0,0.0,0,0,2,2,0,0,0,0,0,0,0,0,0,,
284,5590014068,0,0,0,0,1,440204,327021,113183,0,0,0,0,5320,2014,0,425500,1,276000,1,1967,1967,16207,842,0,0,1,0,0,0.0,0,0,1,1,0,0,0,0,0,0,0,0,1,1.0,1.0
285,5592027031,1,0,1,0,1,644683,430466,214217,0,0,0,0,7806,2014,0,635000,0,0,0,1978,1978,15400,1406,0,0,1,0,0,0.0,0,0,2,2,0,0,0,0,0,0,0,0,1,,
286,5433004037,0,0,1,0,1,387825,299194,88631,0,0,0,0,4703,2015,0,382000,1,354000,1,1958,1958,7548,900,0,0,1,0,0,0.0,0,0,2,1,0,0,0,0,0,0,0,0,0,,
287,5433004038,0,0,0,0,1,395000,314900,80100,0,0,0,0,4781,2015,0,395000,0,0,0,1958,1958,7548,710,0,0,1,0,0,0.0,0,0,1,1,0,0,0,0,0,0,0,0,1,1.0,1.0
288,5434002014,0,0,0,0,1,544000,341800,202200,0,0,0,0,6499,2015,0,544000,1,334000,1,1976,1976,25051,1176,0,0,1,0,0,0.0,0,0,1,2,0,0,0,0,0,0,0,0,0,,
289,5434007021,0,0,1,0,1,416251,307620,108631,0,0,0,0,5073,2015,0,410000,1,328000,1,1972,1972,4810,1068,0,0,1,0,0,0.0,0,0,2,2,0,0,0,0,0,0,0,0,1,,
290,5588026021,0,0,1,0,1,447217,324880,122337,0,0,0,0,5328,2015,0,440500,1,349000,1,1966,1966,93226,871,0,0,1,0,0,0.0,0,0,1,1,0,0,0,0,0,0,0,0,0,,
291,5588026030,0,0,0,0,1,515000,353000,162000,0,0,0,0,6216,2015,0,515000,1,150000,1,1966,1966,93226,812,0,0,1,0,0,0.0,0,0,1,1,0,0,0,0,0,0,0,0,0,,
292,5588026040,0,0,0,0,1,550000,352000,198000,0,0,0,0,6641,2015,0,550000,1,385000,1,1966,1966,93226,992,0,0,1,0,0,0.0,0,0,1,1,0,0,0,0,0,0,0,0,0,,
293,5588026051,0,0,0,0,1,215801,53541,162260,0,0,0,0,8012,2015,0,665000,1,498700,1,1966,1966,93226,1000,0,0,1,0,0,0.0,0,0,1,1,0,0,0,0,0,0,0,0,0,,
294,5588026053,0,0,1,0,1,545000,390000,155000,0,0,0,0,7117,2015,0,545000,0,0,0,1966,1966,93226,777,0,0,1,0,0,0.0,0,0,1,1,0,0,0,0,0,0,0,0,0,1.0,0.0
295,5588026057,0,0,0,0,1,682000,543000,139000,0,0,0,0,5604,2015,0,710000,0,0,0,1966,1966,93226,1071,0,0,1,0,0,0.0,0,0,2,2,0,0,0,0,0,0,0,0,0,,
296,5588026075,0,0,0,0,1,608134,507625,100509,0,0,0,0,7334,2015,0,599000,1,419300,1,1966,1966,93226,1000,0,0,1,0,0,0.0,0,0,1,1,0,0,0,0,0,0,0,0,1,,
297,5588026077,0,0,0,0,1,506609,406100,100509,0,0,0,0,6031,2015,0,499000,1,299400,0,1966,1966,93226,777,0,0,1,0,0,0.0,0,0,1,1,0,0,0,0,0,0,0,0,0,,
298,5588026083,0,0,1,1,1,649760,507625,142135,0,0,0,0,7747,2015,0,640000,0,0,0,1966,1966,93226,1000,0,0,1,0,0,0.0,0,0,1,1,0,0,0,0,0,0,0,0,0,,
299,5588026091,0,0,0,0,1,649760,507625,142135,0,0,0,0,7747,2015,0,640000,1,512000,1,1966,1966,93226,1000,0,0,1,0,0,0.0,0,0,1,1,0,0,0,0,0,0,0,0,0,1.0,0.0
300,5588026106,0,0,0,0,1,685293,533006,152287,0,0,0,0,8173,2015,0,675000,1,540000,1,1966,1966,93226,1067,0,0,1,0,0,0.0,0,0,1,2,0,0,0,0,0,0,0,0,0,,
301,5588026166,0,0,0,0,1,649759,517777,131982,0,0,0,0,7825,2015,0,640000,0,0,0,1966,1966,93226,868,0,0,1,0,0,0.0,0,0,1,1,0,0,0,0,0,0,0,0,0,1.0,0.0
302,5588026182,0,0,0,0,1,462000,360000,102000,0,0,0,0,5504,2015,0,303000,0,0,0,1966,1966,93226,868,0,0,1,0,0,0.0,0,0,1,1,0,0,0,0,0,0,0,0,1,0.0,1.0
303,5588026207,0,0,0,0,1,497472,395947,101525,0,0,0,0,6006,2015,0,490000,0,0,0,1966,1966,93226,778,0,0,1,0,0,0.0,0,0,1,1,0,0,0,0,0,0,0,0,1,,
304,5590014064,0,0,1,0,1,412000,291500,120500,0,0,0,0,4986,2015,0,412000,1,77000,1,1967,1967,16207,877,0,0,1,0,0,0.0,0,0,1,1,0,0,0,0,0,0,0,0,1,1.0,1.0
305,5590005051,0,0,1,1,1,543157,428333,114824,0,0,0,0,6581,2015,0,535000,1,401250,1,1961,1961,19250,1172,0,0,1,0,0,0.0,0,0,2,1,0,0,0,0,0,0,0,0,0,,
306,5590006031,0,0,0,0,1,621332,476659,144673,0,0,0,0,7430,2015,0,612000,1,489600,1,1962,1962,8102,1384,0,0,1,0,0,0.0,0,0,2,2,0,0,0,0,0,0,0,0,0,,
307,5590006032,0,0,1,0,1,474000,357000,117000,0,0,0,0,5748,2015,0,473500,1,355000,1,1962,1962,8102,1173,0,0,1,0,0,0.0,0,0,2,2,0,0,0,0,0,0,0,0,0,1.0,0.0
308,5590007090,0,0,0,0,1,438587,336859,101728,0,0,0,0,5235,2015,0,432000,1,220000,1,1957,1957,8758,779,0,0,1,0,0,0.0,0,0,1,1,0,0,0,0,0,0,0,0,0,,
309,5590010035,0,0,0,0,1,625000,407700,217300,0,0,0,0,7493,2015,0,625000,1,437500,1,1989,1989,13239,1432,0,0,1,0,0,0.0,0,0,2,3,0,0,0,0,0,0,0,0,0,,
310,5590013056,0,0,0,0,1,656500,443400,213100,0,0,0,0,7858,2015,0,656500,0,0,0,1982,1982,12398,1721,0,0,1,0,0,0.0,0,0,2,2,0,0,0,0,0,0,0,0,0,,
311,5590014054,0,0,1,0,1,390000,280400,109600,0,0,0,0,4720,2015,0,390000,1,312000,1,1967,1967,16207,798,0,0,1,0,0,0.0,0,0,1,1,0,0,0,0,0,0,0,0,1,,
312,5590014061,0,0,0,0,1,659912,502650,157262,0,0,0,0,7966,2015,0,650000,0,0,0,1967,1967,16207,1488,0,0,1,0,0,0.0,0,0,3,2,0,0,0,0,0,0,0,0,1,,
313,5590014078,0,0,0,0,1,439000,321700,117300,0,0,0,0,5322,2015,0,439000,0,0,0,1964,1964,18164,1041,0,0,1,0,0,0.0,0,0,2,2,0,0,0,0,0,0,0,0,0,,
314,5590014082,0,0,0,0,1,343154,245487,97667,0,0,0,0,4079,2015,0,338000,1,100000,1,1964,1964,18164,626,0,0,1,0,0,0.0,0,0,1,1,0,0,0,0,0,0,0,0,0,,
315,5590014083,0,0,0,0,1,407115,309448,97667,0,0,0,0,4841,2015,0,401000,1,292000,1,1964,1964,18164,626,0,0,1,0,0,0.0,0,0,1,1,0,0,0,0,0,0,0,0,0,,
316,5590014089,0,0,1,0,1,416251,316859,99392,0,0,0,0,5039,2015,0,410000,0,0,0,1964,1964,18164,760,0,0,1,0,0,0.0,0,0,1,1,0,0,0,0,0,0,0,0,0,,
317,5590014105,0,0,0,0,1,395000,299500,95500,0,0,0,0,4697,2015,0,395000,1,335750,1,1964,1964,18164,621,0,0,1,0,0,0.0,0,0,1,1,0,0,0,0,0,0,0,0,1,0.0,1.0
318,5590017031,0,0,0,0,1,253812,174623,79189,0,0,0,0,3098,2015,0,250000,0,0,0,1958,1958,6731,646,0,0,1,0,0,0.0,0,0,1,1,0,0,0,0,0,0,0,0,1,,
319,5591009045,0,0,0,0,1,530000,364500,165500,0,0,0,0,6319,2015,0,530000,1,275000,1,1963,1963,20250,1045,0,0,1,0,0,0.0,0,0,1,1,0,0,0,0,0,0,0,0,0,,
320,5591009046,0,0,1,0,1,550000,327000,223000,0,0,0,0,6643,2015,0,550000,1,417000,1,1963,1963,20250,1113,0,0,1,0,0,0.0,0,0,1,1,0,0,0,0,0,0,0,0,0,1.0,0.0
321,5591009051,0,0,0,0,1,615000,468700,146300,0,0,0,0,7422,2015,0,615000,1,215000,1,1963,1963,20250,1212,0,0,1,0,0,0.0,0,0,2,2,0,0,0,0,0,0,0,0,1,,
322,5592002049,0,0,0,0,1,382038,243660,138378,0,0,0,0,4597,2015,0,376500,1,170000,1,1959,1959,21231,1313,0,0,1,0,0,0.0,0,0,2,2,0,0,0,0,0,0,0,0,0,1.0,0.0
323,5592002066,0,0,0,0,1,450000,226000,224000,0,0,0,0,5465,2015,0,450000,1,360000,1,1959,1959,21231,1120,0,0,1,0,0,0.0,0,0,2,2,0,0,0,0,0,0,0,0,0,1.0,0.0
324,5592002073,0,0,0,0,1,314727,243660,71067,0,0,0,0,3834,2015,0,310000,1,279000,1,1959,1959,21231,675,0,0,1,0,0,0.0,0,0,1,1,0,0,0,0,0,0,0,0,0,,
325,5592027032,0,0,1,0,1,625000,355000,270000,0,0,0,0,7569,2015,0,625000,1,375000,1,1978,1978,15400,1350,0,0,1,0,0,0.0,0,0,2,2,0,0,0,0,0,0,0,0,1,,
326,5592027035,1,0,1,0,1,550000,357000,193000,0,0,0,0,6673,2015,0,550000,0,0,0,1978,1978,15400,1284,0,0,1,0,0,0.0,0,0,2,2,0,0,0,0,0,0,0,0,1,,
327,5592027039,0,0,1,0,1,585000,339000,246000,0,0,0,0,7105,2015,0,585000,1,350000,1,1978,1978,15400,1638,0,0,1,0,0,0.0,0,0,3,2,0,0,0,0,0,0,0,0,0,,
328,5592027050,0,0,0,0,1,781742,406100,375642,0,0,0,0,9453,2015,0,770000,0,0,0,2005,2005,15736,1590,0,0,1,0,0,0.0,0,0,2,3,0,0,0,0,0,0,0,0,0,,
329,5434002013,0,0,0,0,1,460000,225000,235000,0,0,0,0,5581,2016,0,627000,1,376200,1,1976,1976,25051,1176,0,0,1,0,0,0.0,0,0,1,2,0,0,0,0,0,0,0,0,0,,
330,5434002020,0,0,0,0,1,420357,251494,168863,0,0,0,0,5031,2016,0,600000,1,363000,1,1976,1976,25051,1298,0,0,1,0,0,0.0,0,0,2,2,0,0,0,0,0,0,0,0,0,,
331,5434008010,0,0,0,0,1,553432,439239,114193,0,0,0,0,6664,2016,0,490000,1,390000,1,1959,1959,37042,1207,0,0,1,0,0,0.0,0,0,2,2,0,0,0,0,0,0,0,0,0,1.0,0.0
332,5588026024,0,0,0,0,1,143492,70281,73211,0,0,0,0,1706,2016,0,419000,0,0,0,1966,1966,93226,838,0,0,1,0,0,0.0,0,0,1,1,0,0,0,0,0,0,0,0,1,,
333,5588026044,0,0,0,0,1,388840,282239,106601,0,0,0,0,4632,2016,0,535000,1,401250,1,1966,1966,93226,871,0,0,1,0,0,0.0,0,0,1,1,0,0,0,0,0,0,0,0,0,,
334,5588026047,0,0,0,0,1,161365,32268,129097,0,0,0,0,1919,2016,0,545000,1,200000,1,1966,1966,93226,835,0,0,1,0,0,0.0,0,0,1,1,0,0,0,0,0,0,0,0,0,1.0,0.0
335,5588026061,0,0,0,0,1,300272,124671,175601,0,0,0,0,3572,2016,0,603000,0,0,0,1966,1966,93226,777,0,0,1,0,0,0.0,0,0,1,1,0,0,0,0,0,0,0,0,1,1.0,1.0
336,5588026071,0,0,0,0,1,469811,332049,137762,0,0,0,0,5679,2016,0,575000,1,460000,1,1966,1966,93226,835,0,0,1,0,0,0.0,0,0,1,1,0,0,0,0,0,0,0,0,0,,
337,5588026074,0,0,0,0,1,297205,123081,174124,0,0,0,0,3548,2016,0,765000,1,200000,1,1966,1966,93226,1067,0,0,1,0,0,0.0,0,0,1,2,0,0,0,0,0,0,0,0,0,,
338,5588026088,0,0,0,0,1,632000,412000,220000,0,0,0,0,7535,2016,0,765000,1,612000,1,1966,1966,93226,992,0,0,1,0,0,0.0,0,0,1,1,0,0,0,0,0,0,0,0,0,,
339,5588026141,0,0,1,1,1,207777,72716,135061,0,0,0,0,2479,2016,0,645000,0,0,0,1966,1966,93226,1005,0,0,1,0,0,0.0,0,0,1,1,0,0,0,0,0,0,0,0,0,,
340,5588026143,0,0,1,0,1,351201,166263,184938,0,0,0,0,4179,2016,0,545000,1,535000,1,1966,1966,93226,778,0,0,1,0,0,0.0,0,0,1,1,0,0,0,0,0,0,0,0,0,,
341,5588026170,0,0,0,0,1,633000,447000,186000,0,0,0,0,7547,2016,0,630000,0,0,0,1966,1966,93226,996,0,0,1,0,0,0.0,0,0,1,1,0,0,0,0,0,0,0,0,0,1.0,0.0
342,5588026188,0,0,0,0,1,188423,63351,125072,0,0,0,0,2252,2016,0,779000,1,623200,1,1966,1966,93226,1076,0,0,1,0,0,0.0,0,0,1,2,0,0,0,0,0,0,0,0,0,,
343,5588026195,0,0,0,0,1,704183,519481,184702,0,0,0,0,8399,2016,0,855000,0,0,0,1966,1966,93226,1071,0,0,1,0,0,0.0,0,0,2,2,0,0,0,0,0,0,0,0,0,,
344,5588026200,1,0,1,0,1,148573,29709,118864,0,0,0,0,1849,2016,0,685000,0,0,0,1966,1966,93226,812,0,0,1,0,0,0.0,0,0,1,1,0,0,0,0,0,0,0,0,0,,
345,5589021025,0,0,0,0,1,332936,133447,199489,0,0,0,0,3997,2016,0,755000,1,604000,1,2007,2007,14781,1520,0,0,1,0,0,0.0,0,0,3,2,0,0,0,0,0,0,0,0,0,1.0,0.0
346,5590001027,0,0,0,0,1,518847,306640,212207,0,0,0,0,6294,2016,0,670000,1,636500,1,1991,1991,12552,1354,0,0,1,0,0,0.0,0,0,2,3,0,0,0,0,0,0,0,0,0,,
347,5590007068,0,0,0,0,1,363000,289800,73200,0,0,0,0,4343,2016,0,485000,1,380000,1,1957,1957,8159,754,0,0,1,0,0,0.0,0,0,1,1,0,0,0,0,0,0,0,0,0,,
348,5590007075,0,0,0,0,1,212576,180153,32423,0,0,0,0,2549,2016,0,400000,1,320000,1,1957,1957,8159,729,0,0,1,0,0,0.0,0,0,1,1,0,0,0,0,0,0,0,0,1,0.0,1.0
349,5590007081,0,0,1,0,1,205258,143294,61964,0,0,0,0,2472,2016,0,630000,1,472500,1,1959,1959,10414,1156,0,0,1,0,0,0.0,0,0,2,2,0,0,0,0,0,0,0,0,0,,
350,5590007085,0,0,0,0,1,477000,382000,95000,0,0,0,0,5785,2016,0,530000,1,424000,1,1959,1959,10414,946,0,0,1,0,0,0.0,0,0,2,1,0,0,0,0,0,0,0,0,0,,
351,5590007095,0,0,1,0,1,244036,151515,92521,0,0,0,0,2984,2016,0,445000,1,356000,1,1957,1957,8758,790,0,0,1,0,0,0.0,0,0,2,1,0,0,0,0,0,0,0,0,0,,
352,5590007096,0,0,0,0,1,536476,415758,120718,0,0,0,0,6479,2016,0,619500,1,526575,1,1957,1957,8758,1024,0,0,1,0,0,0.0,0,0,2,1,0,0,0,0,0,0,0,0,0,,
353,5590010033,1,0,0,0,1,489514,299148,190366,0,0,0,0,5962,2016,0,655000,1,524000,1,1989,1989,13239,1429,0,0,1,0,0,0.0,0,0,2,3,0,0,0,0,0,0,0,0,0,,
354,5590013058,0,0,1,0,1,428763,269389,159374,0,0,0,0,5223,2016,0,725500,0,0,0,1982,1982,12398,1613,0,0,1,0,0,0.0,0,0,2,2,0,0,0,0,0,0,0,0,0,,
355,5590014091,0,0,1,0,1,380024,284826,95198,0,0,0,0,4605,2016,0,399000,1,319200,1,1964,1964,18164,689,0,0,1,0,0,0.0,0,0,1,1,0,0,0,0,0,0,0,0,0,0.0,0.0
356,5591009042,0,0,1,0,1,122415,24278,98137,0,0,0,0,1466,2016,0,595000,1,450000,1,1963,1963,20250,1159,0,0,1,0,0,0.0,0,0,2,1,0,0,0,0,0,0,0,0,1,,
357,5591009048,0,0,0,0,1,437572,218278,219294,0,0,0,0,5297,2016,0,470000,1,170000,1,1963,1963,20250,973,0,0,1,0,0,0.0,0,0,1,1,0,0,0,0,0,0,0,0,0,,
358,5592001041,0,0,0,0,1,580000,300000,280000,0,0,0,0,7033,2016,0,600000,1,570000,1,1984,1984,9600,1426,0,0,1,0,0,0.0,0,0,3,2,0,0,0,0,0,0,0,0,0,1.0,0.0
359,5592002054,0,0,0,0,1,223648,103710,119938,0,0,0,0,2749,2016,0,300000,1,225000,1,1959,1959,21231,675,0,0,1,0,0,0.0,0,0,1,1,0,0,0,0,0,0,0,0,0,,
360,5592002059,0,0,1,0,1,196036,57379,138657,0,0,0,0,2439,2016,0,450000,0,0,0,1959,1959,21231,1136,0,0,1,0,0,0.0,0,0,2,2,0,0,0,0,0,0,0,0,1,,
361,5592027036,1,0,1,0,1,392251,259780,132471,0,0,0,0,4709,2016,0,595000,1,476000,1,1978,1978,15400,1283,0,0,1,0,0,0.0,0,0,2,2,0,0,0,0,0,0,0,0,0,1.0,0.0
362,5592027038,0,0,1,0,1,330687,190552,140135,0,0,0,0,3978,2016,0,570000,1,541500,1,1978,1978,15400,1350,0,0,1,0,0,0.0,0,0,2,2,0,0,0,0,0,0,0,0,0,,
363,5434002019,0,0,0,0,1,615000,355000,260000,0,0,0,0,7350,2017,0,710000,1,568000,1,1976,1976,25051,1298,0,0,1,0,0,0.0,0,0,2,2,0,0,0,0,0,0,0,0,1,,
364,5588026027,0,0,0,0,1,547526,366903,180623,0,0,0,0,6529,2017,0,562000,1,300000,1,1966,1966,93226,1000,0,0,1,0,0,0.0,0,0,1,1,0,0,0,0,0,0,0,0,0,,
365,5588026055,0,0,1,0,1,487319,355337,131982,0,0,0,0,5887,2017,0,575000,1,424100,1,1966,1966,93226,835,0,0,1,0,0,0.0,0,0,1,1,0,0,0,0,0,0,0,0,0,1.0,0.0
366,5588026128,0,0,0,0,0,245906,146810,99096,0,0,0,0,2926,2017,0,577000,0,0,0,1966,1966,93226,812,0,0,1,0,0,0.0,0,0,1,1,0,0,0,0,0,0,0,0,0,,
367,5588026171,1,0,1,1,1,507111,260265,246846,0,0,0,0,6133,2017,0,775000,1,581250,1,1966,1966,93226,1071,0,0,1,0,0,0.0,0,0,2,2,0,0,0,0,0,0,0,0,0,,
368,5588026190,0,0,0,0,1,389610,190259,199351,0,0,0,0,4724,2017,0,595000,1,424000,1,1966,1966,93226,868,0,0,1,0,0,0.0,0,0,1,1,0,0,0,0,0,0,0,0,0,,
369,5590006030,0,0,0,0,1,584029,419183,164846,0,0,0,0,6986,2017,0,765000,1,596427,1,1962,1962,8102,1411,0,0,1,0,0,0.0,0,0,2,3,0,0,0,0,0,0,0,0,0,,
370,5592002055,1,0,1,0,1,281635,193485,88150,0,0,0,0,3439,2017,0,380000,1,260000,1,1959,1959,21231,656,0,0,1,0,0,0.0,0,0,1,1,0,0,0,0,0,0,0,0,1,0.0,1.0
371,5592027030,0,0,1,0,1,420357,288246,132111,0,0,0,0,5044,2017,0,570000,1,270000,1,1978,1978,15400,1283,0,0,1,0,0,0.0,0,0,2,2,0,0,0,0,0,0,0,0,1,,
372,5592027041,0,0,1,0,1,612195,456862,155333,0,0,0,0,7338,2017,0,749000,1,539000,1,1978,1978,15400,1459,0,0,1,0,0,0.0,0,0,3,2,0,0,0,0,0,0,0,0,0,,
373,5591009050,0,0,0,0,0,52965,12813,40152,0,0,0,0,640,1970,0,4000,0,0,0,1963,1963,20250,1207,0,0,1,0,0,0.0,0,0,2,2,0,0,0,0,0,0,0,0,0,0.0,0.0
374,5590013045,0,0,1,0,0,66014,25446,40568,0,0,0,0,790,1974,0,35000,0,0,0,1974,1974,15793,992,0,0,1,0,0,0.0,0,0,1,1,0,0,0,0,0,0,0,0,0,,
375,5590012031,0,0,0,0,0,107457,52933,54524,0,0,0,0,1311,1976,0,54000,0,0,0,1973,1973,15032,1223,0,0,1,0,0,0.0,0,0,2,3,0,0,0,0,0,0,0,0,0,,
376,5590012038,0,0,0,0,0,90458,43674,46784,0,0,0,0,1191,1978,0,0,0,0,0,1973,1973,15032,1190,0,0,1,0,0,0.0,0,0,2,3,0,0,0,0,0,0,0,0,0,,
377,5590013050,0,0,0,0,0,136570,50719,85851,0,0,0,0,1645,1978,0,70000,0,0,0,1974,1974,15793,1323,0,0,1,0,0,0.0,0,0,2,2,0,0,0,0,0,0,0,0,0,,
378,5588026145,0,0,1,0,0,152841,35620,117221,0,0,0,0,1901,1979,0,81500,0,0,0,1966,1966,93226,836,0,0,1,0,0,0.0,0,0,1,1,0,0,0,0,0,0,0,0,0,0.0,0.0
379,5590013048,0,0,0,0,0,171485,68241,103244,0,0,0,0,2053,1983,0,98000,0,0,0,1974,1974,15793,1146,0,0,1,0,0,0.0,0,0,2,2,0,0,0,0,0,0,0,0,0,,
380,5590013049,0,0,1,1,0,206491,82239,124252,0,0,0,0,2476,1983,0,118000,0,0,0,1974,1974,15793,1275,0,0,1,0,0,0.0,0,0,2,2,0,0,0,0,0,0,0,0,1,,
381,5592027029,1,0,0,0,0,159234,62992,96242,0,0,0,0,1932,1983,0,91000,0,0,0,1978,1978,15400,1284,0,0,1,0,0,0.0,0,0,2,2,0,0,0,0,0,0,0,0,0,,
382,5588026081,1,0,1,0,0,262505,78744,183761,0,0,0,0,3218,1984,0,150000,0,0,0,1966,1966,93226,1071,0,0,1,0,0,0.0,0,0,2,2,0,0,0,0,0,0,0,0,0,0.0,0.0
383,5433001029,1,0,1,0,0,283089,84058,199031,0,0,0,0,3492,1985,0,160001,0,0,0,1984,1984,11637,1559,0,0,1,0,0,0.0,0,0,3,3,0,0,0,0,0,0,0,0,0,,
384,5591009052,0,0,0,0,0,142958,42884,100074,0,0,0,0,1705,1985,0,85000,0,0,0,1963,1963,20250,1019,0,0,1,0,0,0.0,0,0,1,1,0,0,0,0,0,0,0,0,0,,
385,5588026079,1,0,1,0,0,214382,41220,173162,0,0,0,0,2634,1986,0,0,0,0,0,1966,1966,93226,835,0,0,1,0,0,0.0,0,0,1,1,0,0,0,0,0,0,0,0,0,,
386,5590013052,0,0,0,0,0,192488,69989,122499,0,0,0,0,2307,1986,0,0,0,0,0,1974,1974,15793,1230,0,0,1,0,0,0.0,0,0,1,1,0,0,0,0,0,0,0,0,0,0.0,0.0
387,5590014059,0,0,1,0,0,173139,51935,121204,0,0,0,0,2068,1986,0,105000,0,0,0,1967,1967,16207,1172,0,0,1,0,0,0.0,0,0,2,2,0,0,0,0,0,0,0,0,0,,
388,5592001036,1,0,0,0,0,243241,85750,157491,0,0,0,0,2940,1986,0,147501,0,0,0,1984,1984,9600,1530,0,0,1,0,0,0.0,0,0,3,2,0,0,0,0,0,0,0,0,0,,
389,5434002034,0,0,0,0,0,214455,65187,149268,0,0,0,0,2668,1987,0,0,0,0,0,1976,1976,25051,1483,0,0,1,0,0,0.0,0,0,2,2,0,0,0,0,0,0,0,0,0,,
390,5588026038,0,0,0,0,0,189153,46553,142600,0,0,0,0,2249,1987,0,117000,0,0,0,1966,1966,93226,812,0,0,1,0,0,0.0,0,0,1,1,0,0,0,0,0,0,0,0,0,,
391,5590013035,0,0,0,0,0,197237,75333,121904,0,0,0,0,2366,1987,0,122000,0,0,0,1974,1974,15793,1275,0,0,1,0,0,0.0,0,0,2,2,0,0,0,0,0,0,0,0,0,,
392,5590013051,1,0,1,0,0,201840,60548,141292,0,0,0,0,2506,1987,0,0,0,0,0,1974,1974,15793,1323,0,0,1,0,0,0.0,0,0,2,2,0,0,0,0,0,0,0,0,0,,
393,5591009047,0,0,0,0,0,185917,65068,120849,0,0,0,0,2226,1987,0,115000,0,0,0,1963,1963,20250,1234,0,0,1,0,0,0.0,0,0,2,2,0,0,0,0,0,0,0,0,0,,
394,5592001032,0,0,1,0,0,222624,130939,91685,0,0,0,0,2694,1987,0,135001,0,0,0,1984,1984,9600,1530,0,0,1,0,0,0.0,0,0,3,2,0,0,0,0,0,0,0,0,1,,
395,5592001035,0,0,0,0,0,220973,77498,143475,0,0,0,0,2664,1987,0,0,0,0,0,1984,1984,9600,1270,0,0,1,0,0,0.0,0,0,3,2,0,0,0,0,0,0,0,0,0,,
396,5592027043,0,0,1,0,0,320936,112364,208572,0,0,0,0,3871,1987,0,198500,0,0,0,1978,1978,15400,1570,0,0,1,0,0,0.0,0,0,3,2,0,0,0,0,0,0,0,0,0,,
397,5434002021,0,0,0,0,1,164949,43925,121024,0,0,0,0,1986,1988,0,145000,1,130500,1,1976,1976,25051,1298,0,0,1,0,0,0.0,0,0,2,2,0,0,0,0,0,0,0,0,0,,
398,5434002030,0,0,0,0,1,230388,66279,164109,0,0,0,0,2772,1988,0,142500,1,102500,1,1976,1976,25051,1438,0,0,1,0,0,0.0,0,0,2,2,0,0,0,0,0,0,0,0,0,,
399,5434007020,0,0,0,0,1,204471,79567,124904,0,0,0,0,2467,1988,0,129000,1,103200,1,1972,1972,4810,1120,0,0,1,0,0,0.0,0,0,2,2,0,0,0,0,0,0,0,0,1,,
400,5588006011,0,0,1,0,1,1201039,780677,420362,0,0,0,0,14733,1988,0,690455,1,518000,1,1986,1986,13837,3078,0,0,1,0,0,0.0,0,0,3,4,0,0,0,0,0,0,0,0,0,1.0,0.0
401,5588026041,0,0,0,0,1,271174,68989,202185,0,0,0,0,3238,1988,0,174500,0,0,0,1966,1966,93226,1071,0,0,1,0,0,0.0,0,0,2,2,0,0,0,0,0,0,0,0,0,,
402,5588026060,0,0,1,0,1,225866,70211,155655,0,0,0,0,2773,1988,0,142500,1,106000,1,1966,1966,93226,871,0,0,1,0,0,0.0,0,0,1,1,0,0,0,0,0,0,0,0,0,,
403,5588026082,0,0,0,0,1,166456,38556,127900,0,0,0,0,1990,1988,0,182000,0,0,0,1966,1966,93226,1067,0,0,1,0,0,0.0,0,0,1,2,0,0,0,0,0,0,0,0,0,,
404,5590005043,0,0,0,0,1,118862,56422,62440,0,0,0,0,1427,1988,0,75000,0,0,0,1958,1958,8075,1052,0,0,1,0,0,0.0,0,0,2,1,0,0,0,0,0,0,0,0,0,,
405,5590007089,1,0,1,1,1,105070,31518,73552,0,0,0,0,1243,1988,0,65000,0,0,0,1957,1957,8758,778,0,0,1,0,0,0.0,0,0,2,1,0,0,0,0,0,0,0,0,1,0.0,1.0
406,5590013046,0,0,1,0,1,202087,60619,141468,0,0,0,0,2422,1988,0,125000,0,0,0,1974,1974,15793,1246,0,0,1,0,0,0.0,0,0,2,2,0,0,0,0,0,0,0,0,0,,
407,5590014056,0,0,1,0,1,137881,38186,99695,0,0,0,0,1719,1988,0,87000,1,69600,1,1967,1967,16207,877,0,0,1,0,0,0.0,0,0,1,1,0,0,0,0,0,0,0,0,0,0.0,0.0
408,5591009059,0,0,1,0,1,202882,81148,121734,0,0,0,0,2497,1988,0,128000,1,102400,1,1963,1963,20250,1212,0,0,1,0,0,0.0,0,0,2,2,0,0,0,0,0,0,0,0,0,0.0,0.0
409,5592001034,1,0,0,0,1,190200,132667,57533,0,0,0,0,2303,1988,0,120000,0,0,0,1984,1984,9600,1423,0,0,1,0,0,0.0,0,0,3,2,0,0,0,0,0,0,0,0,0,,
410,5592001042,0,0,0,0,1,277412,89245,188167,0,0,0,0,3426,1988,0,175000,1,75000,1,1984,1984,9600,1426,0,0,1,0,0,0.0,0,0,3,2,0,0,0,0,0,0,0,0,0,,
411,5433001033,0,0,1,0,1,324948,74489,250459,0,0,0,0,3987,1989,0,205000,0,0,0,1984,1984,11637,1486,0,0,1,0,0,0.0,0,0,3,3,0,0,0,0,0,0,0,0,0,0.0,0.0
412,5588026076,0,0,1,0,1,342287,240203,102084,0,0,0,0,4160,1989,0,170000,0,0,0,1966,1966,93226,871,0,0,1,0,0,0.0,0,0,1,1,0,0,0,0,0,0,0,0,0,,
413,5588026110,0,0,0,0,1,258366,86063,172303,0,0,0,0,3074,1989,0,162945,1,145950,1,1966,1966,93226,812,0,0,1,0,0,0.0,0,0,1,1,0,0,0,0,0,0,0,0,0,,
414,5588026151,0,0,0,0,0,264184,75364,188820,0,0,0,0,3142,1989,0,170000,0,0,0,1966,1966,93226,778,0,0,1,0,0,0.0,0,0,1,1,0,0,0,0,0,0,0,0,0,0.0,0.0
415,5588026178,1,0,1,0,1,199743,61131,138612,0,0,0,0,2383,1989,0,137945,0,0,0,1966,1966,93226,996,0,0,1,0,0,0.0,0,0,1,1,0,0,0,0,0,0,0,0,1,,
416,5588026183,0,0,0,0,1,239347,71640,167707,0,0,0,0,2846,1989,0,151000,1,100000,1,1966,1966,93226,778,0,0,1,0,0,0.0,0,0,1,1,0,0,0,0,0,0,0,0,0,,
417,5588026206,1,0,0,0,1,279721,91526,188195,0,0,0,0,3415,1989,0,180000,1,144000,1,1966,1966,93226,868,0,0,1,0,0,0.0,0,0,1,1,0,0,0,0,0,0,0,0,0,,
418,5592002050,1,0,0,0,1,211285,35020,176265,0,0,0,0,2537,1989,0,133273,1,119250,1,1959,1959,21231,1139,0,0,1,0,0,0.0,0,0,2,2,0,0,0,0,0,0,0,0,0,,
419,5592002068,1,0,1,0,1,41782,23792,17990,0,0,0,0,522,1989,0,135000,0,0,0,1959,1959,21231,1255,0,0,1,0,0,0.0,0,0,2,2,0,0,0,0,0,0,0,0,0,,
420,5433001034,0,0,0,0,1,338469,93234,245235,0,0,0,0,4065,1990,0,217727,1,174200,1,1984,1984,11637,1486,0,0,1,0,0,0.0,0,0,3,3,0,0,0,0,0,0,0,0,0,0.0,0.0
421,5434002017,0,0,0,0,1,264180,71166,193014,0,0,0,0,3169,1990,0,170000,1,90000,1,1976,1976,25051,1298,0,0,1,0,0,0.0,0,0,2,2,0,0,0,0,0,0,0,0,0,,
422,5588023041,1,0,1,0,1,2109627,1619440,490187,0,0,0,0,25396,1990,0,1340000,1,700000,1,1912,1912,26922,3937,0,0,1,0,0,0.0,0,0,3,4,0,0,0,0,0,0,0,0,0,,
423,5588026125,0,0,0,0,0,217451,82612,134839,0,0,0,0,2595,1990,0,0,0,0,0,1966,1966,93226,1005,0,0,1,0,0,0.0,0,0,1,1,0,0,0,0,0,0,0,0,0,,
424,5588026197,0,0,0,0,1,297245,102531,194714,0,0,0,0,3546,1990,0,195000,1,156000,1,1966,1966,93226,1005,0,0,1,0,0,0.0,0,0,1,1,0,0,0,0,0,0,0,0,0,,
425,5590012036,0,0,0,0,1,243762,137118,106644,0,0,0,0,2934,1990,0,160000,1,144000,1,1973,1973,15032,1190,0,0,1,0,0,0.0,0,0,2,3,0,0,0,0,0,0,0,0,0,,
426,5590014071,1,0,1,1,0,179006,77695,101311,0,0,0,0,2135,1990,0,177500,0,0,0,1959,1959,8099,839,0,0,1,0,0,0.0,0,0,1,1,0,0,0,0,0,0,0,0,0,0.0,0.0
427,5590014075,0,0,1,0,1,159274,93234,66040,0,0,0,0,1994,1990,0,177500,1,94000,1,1959,1959,8099,1095,0,0,1,0,0,0.0,0,0,2,2,0,0,0,0,0,0,0,0,0,,
428,5591009054,0,0,0,0,0,198052,121881,76171,0,0,0,0,2365,1990,0,130000,1,100000,1,1963,1963,20250,1113,0,0,1,0,0,0.0,0,0,1,1,0,0,0,0,0,0,0,0,0,,
429,5434002036,0,0,1,0,1,283802,115608,168194,0,0,0,0,3409,1991,0,190000,1,140000,1,1976,1976,25051,1438,0,0,1,0,0,0.0,0,0,2,2,0,0,0,0,0,0,0,0,0,,
430,5588026117,0,0,0,0,1,477998,187461,290537,0,0,0,0,5739,1991,0,320000,1,288000,1,1966,1966,93226,1915,0,0,1,0,0,0.0,0,0,2,3,0,0,0,0,0,0,0,0,0,,
431,5590004024,0,0,1,0,1,287814,143319,144495,0,0,0,0,3522,1991,0,130000,1,104000,1,1959,1959,9129,1088,0,0,1,0,0,0.0,0,0,2,2,0,0,0,0,0,0,0,0,0,,
432,5590005060,0,0,0,0,1,353670,255111,98559,0,0,0,0,4239,1991,0,122000,1,97600,1,1961,1961,19250,1172,0,0,1,0,0,0.0,0,0,2,1,0,0,0,0,0,0,0,0,1,,
433,5590007069,0,0,0,0,0,119481,54663,64818,0,0,0,0,1441,1991,0,80000,0,0,0,1957,1957,8159,762,0,0,1,0,0,0.0,0,0,1,1,0,0,0,0,0,0,0,0,0,0.0,0.0
434,5590007074,0,0,0,0,0,139648,64669,74979,0,0,0,0,1681,1991,0,93500,1,74800,1,1957,1957,8159,762,0,0,1,0,0,0.0,0,0,1,1,0,0,0,0,0,0,0,0,1,,
435,5590007088,0,0,0,0,1,143200,45394,97806,0,0,0,0,1698,1991,0,94000,1,70500,1,1957,1957,8758,790,0,0,1,0,0,0.0,0,0,2,1,0,0,0,0,0,0,0,0,0,,
436,5590010031,0,0,0,0,1,310813,111373,199440,0,0,0,0,3749,1991,0,204000,1,154000,1,1989,1989,13239,1432,0,0,1,0,0,0.0,0,0,2,3,0,0,0,0,0,0,0,0,0,,
437,5590010032,0,0,1,0,1,327568,111216,216352,0,0,0,0,3948,1991,0,215000,1,150500,1,1989,1989,13239,1429,0,0,1,0,0,0.0,0,0,2,3,0,0,0,0,0,0,0,0,0,,
438,5590013032,0,0,0,0,0,77202,27935,49267,0,0,0,0,934,1991,0,0,0,0,0,1974,1974,15793,1246,0,0,1,0,0,0.0,0,0,2,2,0,0,0,0,0,0,0,0,0,,
439,5590014074,0,0,0,0,1,143383,44057,99326,0,0,0,0,1707,1991,0,96000,1,68000,1,1959,1959,8099,772,0,0,1,0,0,0.0,0,0,1,1,0,0,0,0,0,0,0,0,0,,
440,5591009049,0,0,0,0,0,217940,59906,158034,0,0,0,0,2607,1991,0,0,0,0,0,1963,1963,20250,1230,0,0,1,0,0,0.0,0,0,2,2,0,0,0,0,0,0,0,0,0,,
441,5592002064,1,0,0,0,0,143681,21648,122033,0,0,0,0,1711,1991,0,96136,1,77000,1,1959,1959,21231,656,0,0,1,0,0,0.0,0,0,1,1,0,0,0,0,0,0,0,0,0,,
442,5592027040,0,0,1,0,1,327569,156928,170641,0,0,0,0,3954,1991,0,215000,1,172000,1,1978,1978,15400,1650,0,0,1,0,0,0.0,0,0,3,2,0,0,0,0,0,0,0,0,0,,
443,5588026102,1,0,0,0,1,260660,114220,146440,0,0,0,0,3102,1992,0,172000,1,154800,1,1966,1966,93226,812,0,0,1,0,0,0.0,0,0,1,1,0,0,0,0,0,0,0,0,0,,
444,5588026169,0,0,1,0,1,155453,34386,121067,0,0,0,0,1932,1992,0,137500,1,110000,1,1966,1966,93226,836,0,0,1,0,0,0.0,0,0,1,1,0,0,0,0,0,0,0,0,0,,
445,5590005048,0,0,0,0,1,134419,52722,81697,0,0,0,0,1614,1992,0,90000,1,72000,1,1961,1961,19250,889,0,0,1,0,0,0.0,0,0,1,1,0,0,0,0,0,0,0,0,0,0.0,0.0
446,5590014053,0,0,0,0,1,221901,88759,133142,0,0,0,0,2746,1992,0,149000,1,119200,1,1967,1967,16207,1488,0,0,1,0,0,0.0,0,0,3,2,0,0,0,0,0,0,0,0,0,,
447,5590014055,0,0,1,0,0,218188,80537,137651,0,0,0,0,2604,1992,0,74500,0,0,0,1967,1967,16207,1153,0,0,1,0,0,0.0,0,0,2,2,0,0,0,0,0,0,0,0,0,,
448,5590014073,0,0,1,0,1,171326,80537,90789,0,0,0,0,2054,1992,0,117000,0,0,0,1959,1959,8099,1096,0,0,1,0,0,0.0,0,0,2,2,0,0,0,0,0,0,0,0,0,,
449,5591009040,0,0,1,0,1,191928,69448,122480,0,0,0,0,2370,1992,0,128500,1,75000,1,1963,1963,20250,973,0,0,1,0,0,0.0,0,0,1,1,0,0,0,0,0,0,0,0,0,,
450,5592027028,0,0,1,0,1,283800,59739,224061,0,0,0,0,3424,1992,0,190000,1,120000,0,1978,1978,15400,1460,0,0,1,0,0,0.0,0,0,2,2,0,0,0,0,0,0,0,0,1,,
451,5434007022,0,0,0,0,1,226979,68822,158157,0,0,0,0,2731,1993,0,155000,1,124000,1,1972,1972,4810,1014,0,0,1,0,0,0.0,0,0,2,2,0,0,0,0,0,0,0,0,0,0.0,0.0
452,5588026025,0,0,0,0,1,222671,44642,178029,0,0,0,0,2743,1993,0,155000,1,124000,1,1966,1966,93226,1067,0,0,1,0,0,0.0,0,0,2,2,0,0,0,0,0,0,0,0,0,,
453,5588026026,1,0,0,0,1,249450,67321,182129,0,0,0,0,2979,1993,0,140000,1,105000,1,1966,1966,93226,1067,0,0,1,0,0,0.0,0,0,1,2,0,0,0,0,0,0,0,0,0,,
454,5591022072,0,0,0,0,1,512561,268288,244273,0,0,0,0,6263,1993,0,350000,1,280000,1,1991,1991,10100,2107,0,0,1,0,0,0.0,0,0,3,3,0,0,0,0,0,0,0,0,0,0.0,0.0
455,5592001039,0,0,0,0,1,222526,94895,127631,0,0,0,0,2682,1993,0,155000,1,124000,1,1984,1984,9600,1270,0,0,1,0,0,0.0,0,0,3,2,0,0,0,0,0,0,0,0,0,0.0,0.0
456,5588026054,0,0,0,0,1,141870,28366,113504,0,0,0,0,2634,1994,0,75000,1,71250,1,1966,1966,93226,812,0,0,1,0,0,0.0,0,0,1,1,0,0,0,0,0,0,0,0,0,,
457,5590001028,0,0,1,0,1,251240,82403,168837,0,0,0,0,3021,1994,0,159000,1,151050,1,1991,1991,12552,1355,0,0,1,0,0,0.0,0,0,2,3,0,0,0,0,0,0,0,0,0,0.0,0.0
458,5590001030,0,0,0,0,0,232679,65542,167137,0,0,0,0,2800,1994,0,164000,0,0,0,1991,1991,12552,1354,0,0,1,0,0,0.0,0,0,2,3,0,0,0,0,0,0,0,0,0,,
459,5590001031,0,0,0,0,0,234240,67952,166288,0,0,0,0,2818,1994,0,165000,0,0,0,1991,1991,12552,1354,0,0,1,0,0,0.0,0,0,2,3,0,0,0,0,0,0,0,0,0,,
460,5590014072,0,0,0,0,1,101200,20231,80969,0,0,0,0,1211,1994,0,70500,1,40500,1,1959,1959,8099,917,0,0,1,0,0,0.0,0,0,2,1,0,0,0,0,0,0,0,0,0,,
461,5592002060,0,0,1,0,1,87945,17579,70366,0,0,0,0,1044,1994,0,62000,0,0,0,1959,1959,21231,598,0,0,1,0,0,0.0,0,0,1,1,0,0,0,0,0,0,0,0,0,,
462,5592027042,0,0,1,0,1,173336,34661,138675,0,0,0,0,2107,1994,0,120000,0,0,0,1978,1978,15400,1458,0,0,1,0,0,0.0,0,0,3,2,0,0,0,0,0,0,0,0,0,,
463,5434002032,0,0,1,0,1,181713,36336,145377,0,0,0,0,2265,1995,0,129500,1,103600,1,1976,1976,25051,1176,0,0,1,0,0,0.0,0,0,1,2,0,0,0,0,0,0,0,0,0,0.0,0.0
464,5434002033,0,0,0,0,1,197919,39576,158343,0,0,0,0,2387,1995,0,139500,1,111600,1,1976,1976,25051,1483,0,0,1,0,0,0.0,0,0,2,2,0,0,0,0,0,0,0,0,0,,
465,5588026103,1,0,0,0,0,409428,267478,141950,0,0,0,0,4959,1995,0,150000,1,120000,1,1966,1966,93226,835,0,0,1,0,0,0.0,0,0,1,1,0,0,0,0,0,0,0,0,0,,
466,5588026213,0,0,0,0,1,770000,426000,344000,0,0,0,0,3546,1995,0,210000,1,110000,1,1966,1966,93226,1721,0,0,1,0,0,0.0,0,0,2,2,0,0,0,0,0,0,0,0,0,,
467,5590014049,0,0,0,0,1,138462,27800,110662,0,0,0,0,1654,1995,0,97000,1,82000,1,1967,1967,16207,1153,0,0,1,0,0,0.0,0,0,2,1,0,0,0,0,0,0,0,0,0,,
468,5590014060,0,0,1,0,1,133353,41845,91508,0,0,0,0,1580,1995,0,94000,1,89300,1,1967,1967,16207,842,0,0,1,0,0,0.0,0,0,1,1,0,0,0,0,0,0,0,0,0,,
469,5592001033,0,0,0,0,1,163157,41283,121874,0,0,0,0,2059,1995,0,115000,1,92000,1,1984,1984,9600,1290,0,0,1,0,0,0.0,0,0,3,2,0,0,0,0,0,0,0,0,0,,
470,5434008007,0,0,0,0,1,117356,27654,89702,0,0,0,0,1458,1996,0,84000,1,82000,1,1959,1959,37042,1011,0,0,1,0,0,0.0,0,0,1,1,0,0,0,0,0,0,0,0,0,,
471,5434008013,0,0,1,0,0,151325,27507,123818,0,0,0,0,1875,1996,0,110000,0,0,0,1959,1959,37042,1280,0,0,1,0,0,0.0,0,0,2,2,0,0,0,0,0,0,0,0,0,,
472,5434008014,0,0,1,0,0,95406,19635,75771,0,0,0,0,1193,1996,0,68000,0,0,0,1959,1959,37042,935,0,0,1,0,0,0.0,0,0,1,1,0,0,0,0,0,0,0,0,0,,
473,5588026097,0,0,1,0,1,224515,47142,177373,0,0,0,0,2765,1996,0,160000,0,0,0,1966,1966,93226,1071,0,0,1,0,0,0.0,0,0,2,2,0,0,0,0,0,0,0,0,1,0.0,1.0
474,5588026101,0,0,0,0,1,152949,30584,122365,0,0,0,0,1900,1996,0,109000,1,103550,1,1966,1966,93226,777,0,0,1,0,0,0.0,0,0,1,1,0,0,0,0,0,0,0,0,0,,
475,5588026135,0,0,1,1,0,138114,34386,103728,0,0,0,0,1723,1996,0,0,0,0,0,1966,1966,93226,778,0,0,1,0,0,0.0,0,0,1,1,0,0,0,0,0,0,0,0,0,0.0,0.0
476,5588026153,0,0,1,1,1,343275,187241,156034,0,0,0,0,4171,1996,0,89000,0,0,0,1966,1966,93226,836,0,0,1,0,0,0.0,0,0,1,1,0,0,0,0,0,0,0,0,0,0.0,0.0
477,5588026189,0,0,0,0,1,199479,39890,159589,0,0,0,0,2381,1996,0,145000,0,0,0,1966,1966,93226,1005,0,0,1,0,0,0.0,0,0,1,1,0,0,0,0,0,0,0,0,0,,
478,5588026201,0,0,0,0,1,152699,30534,122165,0,0,0,0,1816,1996,0,111000,1,71000,1,1966,1966,93226,836,0,0,1,0,0,0.0,0,0,1,1,0,0,0,0,0,0,0,0,0,,
479,5588026215,1,0,0,0,1,398976,79791,319185,0,0,0,0,4795,1996,0,290000,0,0,0,1966,1966,93226,1878,0,0,1,0,0,0.0,0,0,2,3,0,0,0,0,0,0,0,0,0,1.0,0.0
480,5592001038,0,0,0,0,1,161368,34372,126996,0,0,0,0,1960,1996,0,115000,1,103500,1,1984,1984,9600,1426,0,0,1,0,0,0.0,0,0,3,2,0,0,0,0,0,0,0,0,0,,
481,5430023036,0,0,0,0,1,75750,40152,35598,0,0,0,0,934,1997,0,175000,1,140000,1,1992,1992,13606,1461,0,0,1,0,0,0.0,0,0,3,3,0,0,0,0,0,0,0,0,0,0.0,0.0
482,5434008017,0,0,1,0,0,284592,134879,149713,0,0,0,0,3598,1997,0,211000,0,0,0,1959,1959,37042,2494,0,0,1,0,0,0.0,0,0,2,2,0,0,0,0,0,0,0,0,0,,
483,5588026062,0,0,0,0,1,145659,29126,116533,0,0,0,0,1814,1997,0,108000,1,81000,1,1966,1966,93226,812,0,0,1,0,0,0.0,0,0,1,1,0,0,0,0,0,0,0,0,0,,
484,5588026116,0,0,0,0,1,321926,64378,257548,0,0,0,0,3871,1997,0,234000,1,187200,1,1966,1966,93226,1747,0,0,1,0,0,0.0,0,0,2,3,0,0,0,0,0,0,0,0,0,0.0,0.0
485,5588026209,0,0,1,0,1,165893,33174,132719,0,0,0,0,2057,1997,0,123000,1,98400,1,1966,1966,93226,836,0,0,1,0,0,0.0,0,0,1,1,0,0,0,0,0,0,0,0,0,,
486,5590006033,0,0,0,0,1,194219,83893,110326,0,0,0,0,2424,1997,0,144000,1,115200,1,1962,1962,8102,1411,0,0,1,0,0,0.0,0,0,3,2,0,0,0,0,0,0,0,0,1,,
487,5590007080,0,0,0,0,0,45988,13330,32658,0,0,0,0,565,1997,0,0,0,0,0,1959,1959,10414,946,0,0,1,0,0,0.0,0,0,1,1,0,0,0,0,0,0,0,0,1,0.0,1.0
488,5590012035,0,0,0,0,1,161843,42345,119498,0,0,0,0,2042,1997,0,120000,1,96000,1,1973,1973,15032,1190,0,0,1,0,0,0.0,0,0,2,3,0,0,0,0,0,0,0,0,0,,
489,5590017029,0,0,1,0,1,152911,65949,86962,0,0,0,0,1895,1997,0,49000,0,0,0,1958,1958,6731,636,0,0,1,0,0,0.0,0,0,1,1,0,0,0,0,0,0,0,0,0,,
490,5592027034,0,0,1,0,0,161368,65949,95419,0,0,0,0,2048,1997,0,126000,1,94500,1,1978,1978,15400,1460,0,0,1,0,0,0.0,0,0,2,2,0,0,0,0,0,0,0,0,0,,
491,5434002012,0,0,0,0,1,199613,39917,159696,0,0,0,0,2483,1998,0,148000,1,118400,1,1976,1976,25051,1298,0,0,1,0,0,0.0,0,0,2,2,0,0,0,0,0,0,0,0,0,,
492,5588026064,0,0,0,0,0,188820,37757,151063,0,0,0,0,2253,1998,0,140000,1,112000,1,1966,1966,93226,992,0,0,1,0,0,0.0,0,0,1,1,0,0,0,0,0,0,0,0,0,0.0,0.0
493,5588026090,0,0,0,0,1,229091,59189,169902,0,0,0,0,2736,1998,0,173000,1,138400,1,1966,1966,93226,1067,0,0,1,0,0,0.0,0,0,1,2,0,0,0,0,0,0,0,0,0,0.0,0.0
494,5588026119,0,0,0,0,1,141611,28317,113294,0,0,0,0,1685,1998,0,105000,1,99750,1,1966,1966,93226,868,0,0,1,0,0,0.0,0,0,1,1,0,0,0,0,0,0,0,0,0,,
495,5588026129,0,0,1,0,1,139586,27912,111674,0,0,0,0,1660,1998,0,103500,1,93150,1,1966,1966,93226,836,0,0,1,0,0,0.0,0,0,1,1,0,0,0,0,0,0,0,0,0,,
496,5588026150,0,0,0,0,1,180090,41708,138382,0,0,0,0,2144,1998,0,136000,1,122400,1,1966,1966,93226,868,0,0,1,0,0,0.0,0,0,1,1,0,0,0,0,0,0,0,0,0,,
497,5588026187,1,0,0,0,1,137356,41186,96170,0,0,0,0,1643,1998,0,175000,0,0,0,1966,1966,93226,1071,0,0,1,0,0,0.0,0,0,2,2,0,0,0,0,0,0,0,0,0,0.0,0.0
498,5590001034,0,0,0,0,1,234387,76934,157453,0,0,0,0,2820,1998,0,177000,1,168150,1,1991,1991,12552,1354,0,0,1,0,0,0.0,0,0,2,3,0,0,0,0,0,0,0,0,0,,
499,5590007067,0,0,0,0,1,168588,70266,98322,0,0,0,0,2038,1998,0,125000,1,112400,1,1957,1957,8159,1039,0,0,1,0,0,0.0,0,0,2,2,0,0,0,0,0,0,0,0,0,,
500,5590007076,0,0,1,0,1,109901,19193,90708,0,0,0,0,1336,1998,0,83000,1,66400,1,1957,1957,8159,982,0,0,1,0,0,0.0,0,0,1,1,0,0,0,0,0,0,0,0,1,,
501,5590007078,0,0,0,0,0,179769,106644,73125,0,0,0,0,2244,1998,0,0,0,0,0,1959,1959,10414,984,0,0,1,0,0,0.0,0,0,1,1,0,0,0,0,0,0,0,0,0,,
502,5590007094,0,0,1,0,1,67424,13480,53944,0,0,0,0,878,1998,0,50000,1,40000,1,1957,1957,8758,765,0,0,1,0,0,0.0,0,0,2,1,0,0,0,0,0,0,0,0,0,,
503,5590010030,0,0,0,0,1,235710,70312,165398,0,0,0,0,2853,1998,0,178000,0,0,0,1989,1989,13239,1432,0,0,1,0,0,0.0,0,0,2,3,0,0,0,0,0,0,0,0,0,,
504,5590014063,0,0,1,0,1,182076,76934,105142,0,0,0,0,2174,1998,0,137500,1,103100,1,1967,1967,16207,1153,0,0,1,0,0,0.0,0,0,2,2,0,0,0,0,0,0,0,0,0,,
505,5434002035,0,0,1,0,0,243376,61463,181913,0,0,0,0,3011,1999,0,0,0,0,0,1976,1976,25051,1438,0,0,1,0,0,0.0,0,0,2,2,0,0,0,0,0,0,0,0,0,,
506,5588026107,1,0,0,0,1,237585,81400,156185,0,0,0,0,2835,1999,0,183000,1,146400,1,1966,1966,93226,1000,0,0,1,0,0,0.0,0,0,1,1,0,0,0,0,0,0,0,0,0,,
507,5588026109,0,0,0,0,1,202528,80491,122037,0,0,0,0,2407,1999,0,156000,0,0,0,1966,1966,93226,777,0,0,1,0,0,0.0,0,0,1,1,0,0,0,0,0,0,0,0,0,,
508,5588026118,0,0,0,0,1,165523,55612,109911,0,0,0,0,1980,1999,0,125000,0,0,0,1966,1966,93226,1101,0,0,1,0,0,0.0,0,0,1,2,0,0,0,0,0,0,0,0,0,,
509,5588026126,0,0,1,1,1,180089,34424,145665,0,0,0,0,2227,1999,0,80000,1,60000,1,1966,1966,93226,868,0,0,1,0,0,0.0,0,0,1,1,0,0,0,0,0,0,0,0,1,,
510,5588026127,0,0,0,0,1,158903,33499,125404,0,0,0,0,1887,1999,0,120000,1,90000,1,1966,1966,93226,778,0,0,1,0,0,0.0,0,0,1,1,0,0,0,0,0,0,0,0,0,,
511,5588026167,0,0,0,0,1,185002,62054,122948,0,0,0,0,2198,1999,0,142500,1,114000,1,1966,1966,93226,778,0,0,1,0,0,0.0,0,0,1,1,0,0,0,0,0,0,0,0,0,,
512,5588026179,0,0,0,0,1,244980,74681,170299,0,0,0,0,2926,1999,0,185000,1,148000,1,1966,1966,93226,1071,0,0,1,0,0,0.0,0,0,2,2,0,0,0,0,0,0,0,0,0,,
513,5590004025,0,0,0,0,1,97363,19469,77894,0,0,0,0,1158,1999,0,75000,1,73237,1,1959,1959,9129,826,0,0,1,0,0,0.0,0,0,1,1,0,0,0,0,0,0,0,0,0,,
514,5590013057,0,0,0,0,1,218497,80908,137589,0,0,0,0,2619,1999,0,165000,1,148000,1,1982,1982,12398,1283,0,0,1,0,0,0.0,0,0,2,2,0,0,0,0,0,0,0,0,0,,
515,5591009056,0,0,0,0,1,475609,346319,129290,0,0,0,0,5667,1999,0,119000,1,107000,1,1963,1963,20250,973,0,0,1,0,0,0.0,0,0,1,1,0,0,0,0,0,0,0,0,0,,
516,5592002051,0,0,0,0,1,115535,44784,70751,0,0,0,0,3476,1999,0,89000,1,87000,1,1959,1959,21231,598,0,0,1,0,0,0.0,0,0,1,1,0,0,0,0,0,0,0,0,0,,
517,5592002058,0,0,0,0,0,99454,71851,27603,0,0,0,0,1209,1999,0,180000,0,0,0,1959,1959,21231,1255,0,0,1,0,0,0.0,0,0,2,2,0,0,0,0,0,0,0,0,1,,
518,5592002061,0,0,0,0,0,194738,57119,137619,0,0,0,0,2423,1999,0,88500,0,0,0,1959,1959,21231,1123,0,0,1,0,0,0.0,0,0,2,2,0,0,0,0,0,0,0,0,0,0.0,0.0
519,5592002065,0,0,1,0,1,145400,43358,102042,0,0,0,0,1821,1999,0,112000,1,84000,1,1959,1959,21231,790,0,0,1,0,0,0.0,0,0,2,2,0,0,0,0,0,0,0,0,0,,
